field,ngram,k,candidate_recall,s2_recall,s3_recall,candidate_volume,avg_candidates_per_s1,ram_mb,vram_mb
name,3gram,20,79.64,78.13,81.07,40000,8.0,574.5,0.0
name,3gram,50,85.07,83.46,86.59,100000,20.0,574.6,0.0
name,3gram,100,90.5,88.78,92.12,200000,40.0,574.6,0.0
name,3gram,200,94.12,92.33,95.81,400000,80.0,574.6,0.0
name,4gram,20,79.07,77.61,80.45,35000,7.0,574.6,0.0
name,4gram,50,84.46,82.9,85.93,87500,17.5,574.6,0.0
name,4gram,100,89.85,88.19,91.42,175000,35.0,574.6,0.0
name,4gram,200,93.45,91.72,95.07,350000,70.0,574.7,0.0
name,3+4gram,20,79.66,78.16,81.08,65000,13.0,574.7,0.0
name,3+4gram,50,85.09,83.49,86.6,162500,32.5,574.7,0.0
name,3+4gram,100,90.53,88.82,92.13,325000,65.0,574.7,0.0
name,3+4gram,200,94.15,92.37,95.82,650000,130.0,574.7,0.0
compact_name,3gram,20,79.64,78.13,81.07,38000,7.6,574.7,0.0
compact_name,3gram,50,85.07,83.46,86.59,95000,19.0,574.7,0.0
compact_name,3gram,100,90.5,88.78,92.12,190000,38.0,574.7,0.0
compact_name,3gram,200,94.12,92.33,95.81,380000,76.0,574.7,0.0
compact_name,4gram,20,79.07,77.61,80.45,32000,6.4,574.7,0.0
compact_name,4gram,50,84.46,82.9,85.93,80000,16.0,574.7,0.0
compact_name,4gram,100,89.85,88.19,91.42,160000,32.0,574.7,0.0
compact_name,4gram,200,93.45,91.72,95.07,320000,64.0,574.7,0.0
address,3gram,20,83.32,83.72,82.93,40000,8.0,574.7,0.0
address,3gram,50,89.0,89.43,88.59,100000,20.0,574.7,0.0
address,3gram,100,94.68,95.14,94.24,200000,40.0,574.7,0.0
address,3gram,200,98.47,98.95,98.01,400000,80.0,574.7,0.0
address,4gram,20,83.24,83.56,82.94,38000,7.6,574.7,0.0
address,4gram,50,88.92,89.25,88.6,95000,19.0,574.7,0.0
address,4gram,100,94.59,94.95,94.26,190000,38.0,574.7,0.0
address,4gram,200,98.38,98.75,98.03,380000,76.0,574.7,0.0
address,3+4gram,20,83.39,83.72,83.07,70000,14.0,574.7,0.0
address,3+4gram,50,89.07,89.43,88.74,175000,35.0,574.7,0.0
address,3+4gram,100,94.76,95.14,94.4,350000,70.0,574.7,0.0
address,3+4gram,200,98.55,98.95,98.18,700000,140.0,574.7,0.0
