s1_id,retrieved_candidate_count,top_10_retrieved_ids,true_target_ids,all_true_targets_retrieved,true_targets_retrieval_status
S1-108864796,57,"S2-34161046, S3-948322973, S3-116316481, S2-969694515, S2-473472088, S2-705103810, S2-662137104, S2-853679561, S2-441032575, S2-331911650","S2-181964344, S2-2274286, S2-76620391, S3-234779139, S3-948322973",False,"{'S2-181964344': False, 'S2-2274286': False, 'S2-76620391': True, 'S3-234779139': False, 'S3-948322973': True}"
S1-577115979,222,"S3-951036198, S2-526095712, S3-886249885, S3-298773751, S3-128031160, S2-564582497, S2-716901443, S3-943374766, S2-6822556, S2-56070488","S2-893380688, S3-432800133, S3-943374766, S3-951036198",True,"{'S2-893380688': True, 'S3-432800133': True, 'S3-943374766': True, 'S3-951036198': True}"
S1-176845493,300,"S2-625317086, S2-183275694, S3-429432696, S2-979711520, S2-493417414, S2-125739378, S2-558104509, S2-659670212, S2-296680960, S2-207202672","S2-183275694, S2-625317086, S2-979711520, S3-429432696, S3-599208316",True,"{'S2-183275694': True, 'S2-625317086': True, 'S2-979711520': True, 'S3-429432696': True, 'S3-599208316': True}"
S1-101961417,150,"S2-696676120, S2-706770555, S2-820769530, S2-200688590, S2-443267137, S2-567504093, S2-223502639, S2-645529775, S2-546490817, S2-991791475","S2-402347533, S3-955546773",False,"{'S2-402347533': False, 'S3-955546773': False}"
S1-666725606,300,"S2-132259578, S2-596533964, S3-569290341, S3-841262274, S2-973901280, S2-536900147, S2-425302922, S2-176579867, S2-826067782, S2-645961860","S2-132259578, S2-596533964, S3-569290341, S3-841262274",True,"{'S2-132259578': True, 'S2-596533964': True, 'S3-569290341': True, 'S3-841262274': True}"
S1-941992336,300,"S2-223404633, S2-654232484, S2-199233890, S2-386496985, S2-603056285, S2-370174361, S2-630025240, S2-666747334, S2-153304602, S2-280330564","S2-223404633, S2-664847091, S3-896373989",False,"{'S2-223404633': True, 'S2-664847091': False, 'S3-896373989': True}"
S1-630554723,300,"S2-487149750, S3-127835536, S3-777324464, S2-575250398, S3-667604880, S2-381700774, S2-406967878, S2-648979359, S3-972518916, S2-334780556","S2-487149750, S2-575250398, S3-777324464, S3-909355920, S3-957835464",False,"{'S2-487149750': True, 'S2-575250398': True, 'S3-777324464': True, 'S3-909355920': True, 'S3-957835464': False}"
S1-327389369,300,"S2-682694766, S2-13984985, S2-721113308, S2-886500113, S2-954877841, S2-524548052, S2-659315831, S2-126470744, S2-391456567, S2-313448647","S2-682694766, S3-62297926",True,"{'S2-682694766': True, 'S3-62297926': True}"
S1-232079529,55,"S2-73873092, S2-369784059, S2-635505414, S2-572791874, S3-952026349, S3-88921146, S3-72876630, S2-428003368, S2-748011271, S2-925662182","S2-312001100, S3-724710265, S3-72876630",False,"{'S2-312001100': False, 'S3-724710265': True, 'S3-72876630': True}"
S1-595195554,300,"S2-642893936, S2-891284118, S2-689010122, S2-418014500, S3-965942578, S2-950258058, S2-502807406, S2-298295539, S2-848509370, S2-523101215","S2-642893936, S2-689010122, S2-891284118, S3-647882051, S3-965942578",True,"{'S2-642893936': True, 'S2-689010122': True, 'S2-891284118': True, 'S3-647882051': True, 'S3-965942578': True}"
S1-365531168,53,"S2-471564149, S3-957181603, S3-712351938, S2-254414352, S2-178201949, S2-21819895, S2-604736026, S2-159245970, S2-341543772, S2-678440815","S2-210421436, S3-712351938",False,"{'S2-210421436': False, 'S3-712351938': True}"
S1-134166110,256,"S3-289833958, S2-802277435, S3-942445924, S3-858835583, S2-571001852, S2-191476383, S2-307005516, S2-534126586, S2-314905074, S2-390884075","S2-101126663, S3-289833958, S3-858835583, S3-942445924",False,"{'S2-101126663': False, 'S3-289833958': True, 'S3-858835583': True, 'S3-942445924': True}"
S1-236308629,179,"S2-790716782, S2-33671609, S3-434424760, S2-737248275, S2-757902569, S3-803871841, S3-980638712, S3-990059277, S2-574059886, S2-108594345","S2-33671609, S2-574059886, S2-790716782, S3-434424760, S3-557784950, S3-803871841, S3-980638712",True,"{'S2-33671609': True, 'S2-574059886': True, 'S2-790716782': True, 'S3-434424760': True, 'S3-557784950': True, 'S3-803871841': True, 'S3-980638712': True}"
S1-877389492,226,"S3-15243030, S2-24778800, S2-165666021, S3-90698673, S3-177106633, S3-635333206, S2-186025678, S2-532460060, S2-188501953, S3-816989784","S2-165666021, S3-15243030, S3-177106633",True,"{'S2-165666021': True, 'S3-15243030': True, 'S3-177106633': True}"
S1-593120493,300,"S2-379055023, S2-453113664, S3-413495732, S2-321415298, S2-773806677, S2-171496002, S2-794708792, S2-535769671, S2-907773417, S2-881986060","S2-379055023, S3-115434958, S3-120090724, S3-413495732",False,"{'S2-379055023': True, 'S3-115434958': True, 'S3-120090724': False, 'S3-413495732': True}"
S1-639852728,300,"S2-112618882, S2-742036766, S3-218397, S3-286155441, S3-616422591, S3-906993416, S3-220655953, S3-922696160, S3-521531549, S2-444127383","S2-112618882, S2-585660936, S2-831316097, S2-832988406, S3-777674116, S3-855378789",True,"{'S2-112618882': True, 'S2-585660936': True, 'S2-831316097': True, 'S2-832988406': True, 'S3-777674116': True, 'S3-855378789': True}"
S1-575254670,37,"S3-909812667, S2-548150122, S2-109364283, S2-765838386, S2-558335921, S2-548448374, S2-193867909, S2-512029636, S2-355062866, S3-818977020","S2-109364283, S2-548150122, S2-765838386, S3-909812667",True,"{'S2-109364283': True, 'S2-548150122': True, 'S2-765838386': True, 'S3-909812667': True}"
S1-565875786,53,"S2-509412739, S2-667059404, S2-857031652, S2-304157227, S3-436243286, S3-158388569, S3-982223875, S3-332323901, S3-432019978, S2-732291762","S2-48293804, S2-494685439, S2-942524532, S3-398762965, S3-61772955",False,"{'S2-48293804': False, 'S2-494685439': False, 'S2-942524532': True, 'S3-398762965': False, 'S3-61772955': False}"
S1-383772767,300,"S2-519403397, S2-550860060, S3-943974751, S2-654534606, S3-517786608, S3-700603754, S3-326712292, S3-369800144, S2-213990522, S2-842641806","S2-519403397, S2-550860060, S3-198722549, S3-369800144, S3-460421367, S3-943974751",False,"{'S2-519403397': True, 'S2-550860060': True, 'S3-198722549': False, 'S3-369800144': True, 'S3-460421367': True, 'S3-943974751': True}"
S1-186640916,77,"S2-403891935, S2-837057319, S2-53794053, S2-926499105, S2-962338382, S2-208366863, S2-100526020, S2-392034824, S2-992501965, S2-397660428",S2-403891935,True,{'S2-403891935': True}
S1-847684419,203,"S2-208883253, S3-907796971, S3-793754781, S3-501296181, S2-986728349, S2-871039361, S2-964685320, S2-122784590, S2-22454939, S2-459642454","S2-208883253, S2-725676077, S3-907796971",True,"{'S2-208883253': True, 'S2-725676077': True, 'S3-907796971': True}"
S1-61422643,300,"S2-289957918, S2-399738323, S2-922111167, S2-258048662, S2-520707839, S2-186987815, S2-626528619, S2-217783482, S2-789381860, S2-321832304",S2-289957918,True,{'S2-289957918': True}
S1-619652580,71,"S2-195507039, S3-69322842, S2-321424163, S2-575136093, S2-209939437, S3-304665849, S3-101362044, S3-166301875, S3-573748044, S2-155077565","S2-195507039, S2-435377563, S3-332201718, S3-573748044, S3-596829474, S3-676543094, S3-69322842",True,"{'S2-195507039': True, 'S2-435377563': True, 'S3-332201718': True, 'S3-573748044': True, 'S3-596829474': True, 'S3-676543094': True, 'S3-69322842': True}"
S1-983924096,282,"S2-760592852, S2-32877834, S3-695535384, S2-505338063, S2-785147566, S2-219127033, S3-347626969, S2-104012686, S2-19601132, S2-404205507","S2-505338063, S3-695535384",True,"{'S2-505338063': True, 'S3-695535384': True}"
S1-391721735,208,"S3-882409395, S3-428524786, S3-219652851, S2-901779271, S2-802366269, S2-541504391, S2-771751311, S2-166798496, S2-848498927, S2-136667308","S2-245721319, S3-219652851, S3-428524786, S3-882409395",True,"{'S2-245721319': True, 'S3-219652851': True, 'S3-428524786': True, 'S3-882409395': True}"
S1-293376469,300,"S2-653306527, S3-429550280, S3-355106802, S3-234074110, S2-186944624, S2-637163649, S2-815512784, S2-35355001, S2-564616948, S2-459550013","S2-653306527, S3-234074110, S3-355106802",True,"{'S2-653306527': True, 'S3-234074110': True, 'S3-355106802': True}"
S1-163948455,138,"S2-340642086, S3-53376601, S3-307298019, S3-249673289, S2-15401346, S2-133239838, S2-210153187, S2-862213214, S2-385932334, S2-264768698","S2-700348840, S2-74292089",False,"{'S2-700348840': False, 'S2-74292089': True}"
S1-551799885,300,"S2-899461987, S2-733681637, S2-719628515, S2-61913649, S2-463829719, S2-606680089, S2-494498610, S2-185385824, S2-483586265, S2-236933420","S2-236933420, S2-899461987, S3-680729537",False,"{'S2-236933420': True, 'S2-899461987': True, 'S3-680729537': False}"
S1-23116213,157,"S2-868415780, S2-471698693, S3-58306521, S2-488031064, S2-555729199, S3-225053582, S2-637281205, S2-103466554, S2-441758107, S2-530880857","S2-471698693, S2-637281205, S2-707919551, S2-868415780, S3-58306521",False,"{'S2-471698693': True, 'S2-637281205': True, 'S2-707919551': False, 'S2-868415780': True, 'S3-58306521': True}"
S1-41590811,300,"S2-463695298, S2-948376045, S2-280322054, S2-490938389, S2-478927863, S2-664884018, S2-777964341, S2-93593248, S2-10097973, S2-755644298",S2-463695298,True,{'S2-463695298': True}
S1-771818529,300,"S2-343097667, S3-29768166, S2-587974656, S2-971885675, S2-757937517, S2-875334666, S2-874409187, S2-42793920, S2-15382089, S2-25648228","S2-343097667, S3-29768166, S3-410936524",True,"{'S2-343097667': True, 'S3-29768166': True, 'S3-410936524': True}"
S1-215654719,300,"S3-472597999, S2-541187094, S2-48283989, S2-922981075, S2-956875523, S2-18890546, S2-599051305, S2-492062978, S2-579504112, S2-836782583","S3-342630250, S3-472597999, S3-571828266",True,"{'S3-342630250': True, 'S3-472597999': True, 'S3-571828266': True}"
S1-358153191,252,"S3-78735461, S3-309335353, S2-666591133, S3-148431676, S2-739475656, S2-717173939, S2-745508057, S2-24454607, S2-64102892, S2-193218098","S3-148431676, S3-309335353",True,"{'S3-148431676': True, 'S3-309335353': True}"
S1-598593200,86,"S2-741356281, S3-584689958, S3-725292892, S2-583138182, S2-534757014, S2-681457458, S2-421658975, S2-198694909, S2-210717987, S2-518965000","S2-569015501, S2-741356281, S3-584689958",False,"{'S2-569015501': False, 'S2-741356281': True, 'S3-584689958': True}"
S1-412831553,300,"S2-434170203, S2-161991045, S2-274175778, S2-580977417, S2-299296375, S2-568317628, S3-200274658, S3-614001666, S3-631627286, S3-646746282","S2-11952333, S2-161991045, S2-363826601, S2-934015718, S3-171338952",False,"{'S2-11952333': True, 'S2-161991045': True, 'S2-363826601': False, 'S2-934015718': True, 'S3-171338952': False}"
S1-282432871,204,"S2-661786153, S3-233757888, S2-564737632, S2-847880620, S2-510448599, S2-972310220, S2-52455618, S2-255601634, S2-942144616, S2-745677822","S2-462692564, S2-52455618, S2-564737632, S3-188983518, S3-233757888",True,"{'S2-462692564': True, 'S2-52455618': True, 'S2-564737632': True, 'S3-188983518': True, 'S3-233757888': True}"
S1-931839008,51,"S2-30697204, S2-42850828, S2-784713209, S3-354586477, S3-252367353, S3-99567349, S3-370815182, S2-418168914, S3-634308066, S3-708886151","S3-354586477, S3-436266187, S3-812805141",False,"{'S3-354586477': True, 'S3-436266187': False, 'S3-812805141': False}"
S1-409390289,224,"S3-981229639, S3-746900529, S2-294483736, S3-849740742, S2-635310245, S2-926702623, S3-6150101, S3-13040594, S3-502689913, S2-21338991","S2-250198213, S3-746900529, S3-849740742, S3-981229639",True,"{'S2-250198213': True, 'S3-746900529': True, 'S3-849740742': True, 'S3-981229639': True}"
S1-962804432,107,"S2-326450162, S3-907681803, S2-272353654, S3-385960324, S3-348710000, S2-799476331, S3-619468049, S2-972638816, S2-266604924, S2-812643664","S2-326450162, S3-815576810, S3-907681803",False,"{'S2-326450162': True, 'S3-815576810': False, 'S3-907681803': True}"
S1-379030465,56,"S2-843589584, S2-847982014, S2-682860365, S3-540424757, S3-410172950, S3-401192714, S3-173039543, S3-628178890, S2-931785818, S2-337580652",S2-843589584,True,{'S2-843589584': True}
S1-96547475,300,"S2-571339638, S3-532974228, S2-760336261, S2-667307437, S2-437734837, S2-119177912, S2-327583013, S2-631055635, S2-771083858, S2-632730434","S2-571339638, S2-667066133, S2-695086455, S3-410402539, S3-532974228, S3-584614460, S3-813922759",False,"{'S2-571339638': True, 'S2-667066133': True, 'S2-695086455': True, 'S3-410402539': True, 'S3-532974228': True, 'S3-584614460': False, 'S3-813922759': True}"
S1-986796474,116,"S2-529218329, S2-172444030, S3-251946920, S3-768298568, S3-871080469, S2-218158965, S2-567271156, S2-854296635, S2-710803266, S2-75447801","S2-529218329, S3-251946920, S3-871080469",True,"{'S2-529218329': True, 'S3-251946920': True, 'S3-871080469': True}"
S1-163638610,106,"S2-169764611, S2-475729564, S3-179142287, S2-837991045, S3-909354436, S3-387312154, S2-428241550, S2-819091818, S2-708825498, S2-779977911","S2-169764611, S2-475729564, S2-837991045, S3-179142287, S3-387312154, S3-414288176, S3-909354436",False,"{'S2-169764611': True, 'S2-475729564': True, 'S2-837991045': True, 'S3-179142287': True, 'S3-387312154': True, 'S3-414288176': False, 'S3-909354436': True}"
S1-580178124,300,"S3-84925428, S3-323828640, S3-243094837, S2-646439016, S2-116651107, S2-989452452, S3-189819653, S3-149304963, S2-219168528, S2-399371908","S2-116651107, S3-149304963, S3-243094837",True,"{'S2-116651107': True, 'S3-149304963': True, 'S3-243094837': True}"
S1-819503563,232,"S2-264820326, S2-263659281, S2-994550309, S2-774975899, S3-47772341, S3-11770779, S3-871903937, S3-221673226, S2-857150604, S2-633248501","S2-263659281, S2-264820326, S2-774975899, S2-994550309, S3-11770779, S3-47772341, S3-513613939, S3-527805604, S3-871903937",False,"{'S2-263659281': True, 'S2-264820326': True, 'S2-774975899': True, 'S2-994550309': True, 'S3-11770779': True, 'S3-47772341': True, 'S3-513613939': True, 'S3-527805604': False, 'S3-871903937': True}"
S1-593691540,253,"S2-379515090, S2-543393445, S2-477480913, S2-441088156, S2-672049577, S2-30019624, S3-928634793, S3-55706825, S3-989575430, S3-118174396","S2-43811569, S2-441088156, S3-270391213, S3-55706825",True,"{'S2-43811569': True, 'S2-441088156': True, 'S3-270391213': True, 'S3-55706825': True}"
S1-982222396,300,"S3-996180937, S2-311677918, S2-860468229, S2-720403790, S2-489911243, S3-314032098, S2-271823772, S2-39473309, S2-792147550, S2-296429371","S3-314032098, S3-689872627, S3-996180937",True,"{'S3-314032098': True, 'S3-689872627': True, 'S3-996180937': True}"
S1-58311191,143,"S2-577010064, S2-308188806, S2-334403149, S2-683113110, S2-969273670, S3-962920462, S3-94455868, S3-941962602, S3-796290519, S2-703920404",S2-703920404,True,{'S2-703920404': True}
S1-911349225,103,"S2-689437269, S3-401258791, S2-254210920, S2-977762332, S2-243493214, S2-376773774, S2-183283633, S2-376526822, S2-452660683, S2-135248015",S2-689437269,True,{'S2-689437269': True}
S1-624686587,300,"S2-144985571, S3-974577486, S2-685428326, S2-493364294, S2-452739864, S2-25128550, S2-709197501, S2-175569306, S2-584663448, S2-757641533","S2-144985571, S3-115633221, S3-875349659",False,"{'S2-144985571': True, 'S3-115633221': False, 'S3-875349659': True}"
S1-471693467,300,"S2-399435370, S2-879894188, S2-127741854, S2-197605354, S2-175464020, S2-277367705, S2-177571705, S2-967131207, S2-285630640, S2-142282001","S2-404078043, S2-575752804, S3-678728081",True,"{'S2-404078043': True, 'S2-575752804': True, 'S3-678728081': True}"
S1-812850411,300,"S3-759532576, S3-630881003, S2-132494940, S2-525719309, S2-440972904, S2-786177235, S2-607299670, S2-43984846, S2-898952142, S2-502286967","S3-598399983, S3-630881003, S3-759532576",True,"{'S3-598399983': True, 'S3-630881003': True, 'S3-759532576': True}"
S1-581423452,300,"S2-332521097, S2-15530867, S2-174064372, S2-312004045, S2-841523827, S2-910508931, S2-499579948, S2-682726318, S2-383204426, S2-405622170","S2-332521097, S2-595416313, S3-128387304",True,"{'S2-332521097': True, 'S2-595416313': True, 'S3-128387304': True}"
S1-162410026,300,"S3-322804466, S2-683403149, S3-408543533, S3-681929612, S2-662444985, S2-950090682, S2-789698643, S2-480714794, S2-782378577, S2-245494550","S2-683403149, S2-876261537, S3-322804466, S3-408543533, S3-984893625",False,"{'S2-683403149': True, 'S2-876261537': False, 'S3-322804466': True, 'S3-408543533': True, 'S3-984893625': True}"
S1-872228997,300,"S2-708156189, S3-518654354, S3-221612153, S2-342220961, S2-127687434, S2-443251733, S2-837954499, S2-444682386, S2-82796541, S2-83724281","S2-708156189, S3-180878831, S3-221612153, S3-518654354, S3-59661109",False,"{'S2-708156189': True, 'S3-180878831': False, 'S3-221612153': True, 'S3-518654354': True, 'S3-59661109': True}"
S1-84963263,300,"S2-651153790, S3-154976543, S2-383343166, S3-690839139, S2-302055763, S2-606359204, S2-527795070, S2-835074193, S2-804203026, S2-819217909","S2-383343166, S2-651153790, S3-154976543, S3-690839139",True,"{'S2-383343166': True, 'S2-651153790': True, 'S3-154976543': True, 'S3-690839139': True}"
S1-835106083,300,"S3-69120117, S2-409521437, S2-129561610, S2-334442447, S2-671946337, S2-863550562, S2-381165330, S2-140954705, S2-640209053, S2-842300761","S2-409521437, S3-69120117",True,"{'S2-409521437': True, 'S3-69120117': True}"
S1-523758445,300,"S3-565743320, S3-417963824, S3-27951428, S3-115436726, S2-849299942, S2-164855381, S2-113969279, S2-507204795, S2-763709190, S2-985752019",None (Singleton),True,Singleton
S1-154961576,187,"S2-678771982, S3-149619899, S3-741381467, S2-939572213, S2-418068815, S2-917978357, S2-362236784, S2-408971021, S2-40504685, S2-181032697","S2-678771982, S2-939572213, S3-141530474, S3-149619899, S3-741381467",False,"{'S2-678771982': True, 'S2-939572213': True, 'S3-141530474': False, 'S3-149619899': True, 'S3-741381467': True}"
S1-9246518,300,"S2-121096928, S2-520786166, S3-130361992, S2-680138416, S2-697286738, S2-661718271, S2-320491330, S2-834677553, S2-532338056, S2-430514714","S2-121096928, S2-319757574, S2-520786166, S3-130361992, S3-836963964, S3-869329139",False,"{'S2-121096928': True, 'S2-319757574': False, 'S2-520786166': True, 'S3-130361992': True, 'S3-836963964': False, 'S3-869329139': False}"
S1-899430941,117,"S2-153294983, S2-466323574, S2-371440990, S2-37917466, S2-617885775, S2-381516377, S2-823267298, S2-738935949, S2-170947003, S2-691621929","S2-580821869, S3-156129980, S3-339877930",False,"{'S2-580821869': False, 'S3-156129980': True, 'S3-339877930': False}"
S1-469351279,257,"S3-256879676, S2-741652398, S2-530431428, S2-893108192, S2-487617786, S2-31509223, S2-310885266, S2-878312737, S2-524904283, S2-910620331","S2-111774922, S2-387211052, S3-256879676, S3-380522785, S3-751437900",False,"{'S2-111774922': True, 'S2-387211052': False, 'S3-256879676': True, 'S3-380522785': True, 'S3-751437900': True}"
S1-829760567,300,"S2-621494670, S3-792631163, S3-447027468, S2-671580097, S2-662079922, S2-286165958, S2-707146779, S2-717229373, S2-189441348, S2-557188629","S2-621494670, S2-671580097, S2-691172231, S3-447027468, S3-792631163",True,"{'S2-621494670': True, 'S2-671580097': True, 'S2-691172231': True, 'S3-447027468': True, 'S3-792631163': True}"
S1-398653421,106,"S2-286833532, S2-32438312, S2-646507294, S3-922766407, S3-670390227, S3-600293691, S2-968603068, S2-396061606, S2-953159628, S2-572320044",S3-557708019,True,{'S3-557708019': True}
S1-182572291,106,"S2-601700457, S3-969549472, S3-165551513, S3-304897678, S3-576073597, S3-796001829, S2-645732067, S2-269775293, S2-980211827, S2-887947931","S2-601700457, S3-165551513",True,"{'S2-601700457': True, 'S3-165551513': True}"
S1-5660674,300,"S2-706530044, S2-890672986, S2-120872277, S2-101490989, S3-987909543, S2-665170074, S2-874703529, S2-285840040, S2-865329860, S2-694993776","S2-466881578, S2-706530044, S3-987909543",False,"{'S2-466881578': False, 'S2-706530044': True, 'S3-987909543': True}"
S1-286385064,300,"S2-790388840, S3-807079103, S2-983505530, S2-229195802, S2-615079456, S2-463146600, S2-768565315, S2-161483866, S2-902611349, S2-175207794","S2-790388840, S2-894137128, S2-983505530, S3-807079103",True,"{'S2-790388840': True, 'S2-894137128': True, 'S2-983505530': True, 'S3-807079103': True}"
S1-324509582,65,"S2-649203753, S2-109209381, S2-992956839, S2-213448609, S2-560241124, S3-324361364, S3-909334594, S3-501796056, S3-456385942, S3-516849811","S2-404936967, S3-724203901",False,"{'S2-404936967': False, 'S3-724203901': False}"
S1-55715487,300,"S2-723955128, S2-420836638, S2-626316395, S3-445098882, S3-910750032, S3-880916665, S2-611692254, S2-813096327, S2-439205981, S2-677352345","S2-723955128, S3-256651653, S3-371871667, S3-53319843, S3-744207483",False,"{'S2-723955128': True, 'S3-256651653': False, 'S3-371871667': True, 'S3-53319843': True, 'S3-744207483': False}"
S1-402936647,1,S3-347389759,"S2-427329934, S2-611929634, S2-781205927, S3-347389759, S3-890138491",False,"{'S2-427329934': False, 'S2-611929634': False, 'S2-781205927': False, 'S3-347389759': True, 'S3-890138491': False}"
S1-497426728,249,"S3-680427538, S2-622206444, S2-218632660, S2-397076535, S2-679143961, S2-505647140, S2-846671955, S2-126383111, S2-443886545, S2-201896171",S3-680427538,True,{'S3-680427538': True}
S1-451681154,300,"S3-554967459, S2-911761645, S2-820985488, S2-804422239, S2-551390288, S2-640267097, S2-211527018, S2-742164433, S2-247613724, S2-554757929","S2-575159936, S2-818583497, S3-354039705, S3-554967459",False,"{'S2-575159936': False, 'S2-818583497': False, 'S3-354039705': False, 'S3-554967459': True}"
S1-546695897,167,"S3-160101114, S3-787591829, S2-706441647, S2-939675176, S2-54296078, S3-350718746, S3-214302041, S3-851185917, S2-975795062, S2-615476710","S2-54296078, S3-160101114, S3-787591829",True,"{'S2-54296078': True, 'S3-160101114': True, 'S3-787591829': True}"
S1-333465882,196,"S2-761678199, S2-385125750, S2-664984551, S2-894601526, S2-739830114, S2-846117103, S2-549130218, S2-255501458, S2-213796182, S2-138031881","S2-385125750, S2-761678199, S3-484864577",True,"{'S2-385125750': True, 'S2-761678199': True, 'S3-484864577': True}"
S1-383710693,300,"S2-689530282, S3-777179584, S2-268732254, S2-231585195, S2-382126702, S2-779433119, S2-865589408, S2-459271600, S2-318343010, S2-638354817","S2-231585195, S2-268732254, S2-689530282, S3-777179584",True,"{'S2-231585195': True, 'S2-268732254': True, 'S2-689530282': True, 'S3-777179584': True}"
S1-296463440,249,"S3-640431535, S2-242682992, S2-293932390, S3-270975217, S2-346267499, S2-302650826, S2-785130570, S3-461513554, S2-908662025, S2-45926939","S2-242682992, S2-293932390, S2-346267499, S3-270975217, S3-640431535",True,"{'S2-242682992': True, 'S2-293932390': True, 'S2-346267499': True, 'S3-270975217': True, 'S3-640431535': True}"
S1-745416628,300,"S2-991268441, S2-217591736, S2-792561944, S2-71777139, S2-45443219, S2-373641935, S2-383564789, S2-781235465, S2-906772260, S2-803673553","S2-991268441, S3-732236861",False,"{'S2-991268441': True, 'S3-732236861': False}"
S1-697391570,300,"S2-844586081, S2-537300174, S2-108263117, S2-949089071, S2-814562779, S2-737522041, S2-507262958, S2-570108500, S2-906517260, S2-16751425","S2-898298, S3-126175368, S3-139421313, S3-232972664",False,"{'S2-898298': True, 'S3-126175368': False, 'S3-139421313': True, 'S3-232972664': True}"
S1-931793954,300,"S2-105185343, S2-168420749, S2-202865650, S3-124265759, S3-436506302, S3-886040274, S3-932589017, S3-141596053, S3-385452726, S3-258178545","S2-920577013, S3-818336580",False,"{'S2-920577013': False, 'S3-818336580': False}"
S1-319399853,159,"S3-404722498, S2-844086292, S2-372089246, S2-316444893, S2-776462581, S2-433378708, S2-881470636, S2-207021623, S2-110466482, S2-968479157","S2-372089246, S2-4270502, S3-404722498",True,"{'S2-372089246': True, 'S2-4270502': True, 'S3-404722498': True}"
S1-992217334,300,"S2-947396026, S2-936024452, S2-963237343, S2-816572545, S2-934292617, S2-257451796, S2-806963161, S2-269458222, S2-290469939, S2-928214107","S2-947396026, S2-965258711, S3-592477676",False,"{'S2-947396026': True, 'S2-965258711': False, 'S3-592477676': True}"
S1-699054733,300,"S3-993710716, S2-523851425, S2-21556715, S2-193739593, S2-431127759, S2-241263382, S2-326683967, S2-929849614, S2-365746623, S2-169551436","S2-431127759, S2-479676370, S3-802549086, S3-918738392, S3-993710716",False,"{'S2-431127759': True, 'S2-479676370': False, 'S3-802549086': False, 'S3-918738392': True, 'S3-993710716': True}"
S1-524827398,300,"S2-351755858, S2-303019437, S2-485065293, S2-806841360, S2-442660235, S2-590308002, S2-982000372, S2-452698881, S2-101390237, S2-789346588","S2-351755858, S2-485065293, S2-590308002, S2-982000372, S3-167426668, S3-343430742",True,"{'S2-351755858': True, 'S2-485065293': True, 'S2-590308002': True, 'S2-982000372': True, 'S3-167426668': True, 'S3-343430742': True}"
S1-985998144,281,"S3-846287084, S2-182730819, S2-382707022, S3-908893995, S3-720060651, S2-570595267, S3-757250457, S3-884404570, S3-972931364, S3-137535864","S2-182730819, S2-570595267, S3-846287084",True,"{'S2-182730819': True, 'S2-570595267': True, 'S3-846287084': True}"
S1-336739104,300,"S2-171193711, S2-171633414, S2-675464330, S2-715976968, S2-830921350, S2-385920115, S3-109752644, S3-401974400, S3-676395795, S3-321307624","S2-667562723, S3-636156728, S3-738236945, S3-777158735, S3-982375445",False,"{'S2-667562723': False, 'S3-636156728': False, 'S3-738236945': False, 'S3-777158735': False, 'S3-982375445': False}"
S1-420227051,300,"S2-602610520, S2-309707846, S2-639767180, S2-597060877, S2-831527128, S2-365896449, S2-332708314, S2-712164318, S2-818949420, S2-820557020","S2-332708314, S3-445126597, S3-695483633",True,"{'S2-332708314': True, 'S3-445126597': True, 'S3-695483633': True}"
S1-402804524,300,"S3-279353823, S2-163453259, S2-956747801, S2-902707149, S2-499757716, S2-911992833, S2-81389633, S2-793977963, S2-138715572, S2-824590232","S2-596221168, S2-801539804, S3-279353823, S3-646450494, S3-857273901",False,"{'S2-596221168': True, 'S2-801539804': False, 'S3-279353823': True, 'S3-646450494': True, 'S3-857273901': True}"
S1-642790704,300,"S2-289304230, S2-101899373, S2-459426189, S3-372723904, S3-897847375, S3-16328536, S3-134947842, S3-337521177, S3-70221668, S3-487482013","S2-18573108, S3-372723904, S3-487482013, S3-583672608",False,"{'S2-18573108': False, 'S3-372723904': True, 'S3-487482013': True, 'S3-583672608': False}"
S1-844806560,300,"S2-115834043, S3-630514080, S3-813301546, S2-255789019, S2-665701640, S2-452958313, S2-337278625, S2-635218733, S2-139389469, S2-193718924","S2-115834043, S3-630514080, S3-813301546, S3-82121021",False,"{'S2-115834043': True, 'S3-630514080': True, 'S3-813301546': True, 'S3-82121021': False}"
S1-354212314,293,"S2-487514559, S2-850524036, S2-20593252, S2-586430253, S2-215442197, S2-281981286, S2-638336678, S3-975661949, S2-595730758, S2-118637854","S2-487514559, S2-850524036, S2-991839241, S3-50301024",True,"{'S2-487514559': True, 'S2-850524036': True, 'S2-991839241': True, 'S3-50301024': True}"
S1-375204656,300,"S2-425382617, S2-854248119, S2-476934026, S3-85113344, S3-502827674, S3-207836372, S3-943789534, S3-128595184, S2-731693234, S2-136090300","S2-425382617, S2-476934026, S2-854248119, S3-128595184",True,"{'S2-425382617': True, 'S2-476934026': True, 'S2-854248119': True, 'S3-128595184': True}"
S1-417462735,151,"S2-523540461, S2-882569043, S2-585441537, S2-763321111, S2-940267755, S2-400522795, S2-807672471, S2-454052495, S2-275710889, S2-439120500",S3-561102055,False,{'S3-561102055': False}
S1-341066638,59,"S2-269489852, S2-977858122, S2-400676999, S2-318107020, S2-742635264, S2-913224330, S2-429244031, S2-191792850, S2-26971681, S2-91776099","S2-104601232, S2-269489852, S2-977858122, S3-648644581, S3-675115895",False,"{'S2-104601232': False, 'S2-269489852': True, 'S2-977858122': True, 'S3-648644581': True, 'S3-675115895': True}"
S1-26887866,250,"S3-468288085, S2-531656955, S2-303021890, S2-455993373, S2-451690283, S2-423695440, S2-906601931, S2-753674717, S2-299293475, S2-659876522","S2-531656955, S3-468288085",True,"{'S2-531656955': True, 'S3-468288085': True}"
S1-719565764,300,"S2-780396032, S2-933817132, S2-207327091, S2-686382087, S2-869753560, S2-906467961, S2-735753733, S2-374432255, S2-33782919, S2-252369728","S2-539908627, S2-70544862",False,"{'S2-539908627': True, 'S2-70544862': False}"
S1-159969916,296,"S2-162333182, S2-260708452, S2-69777038, S2-300363095, S2-620180011, S2-487898996, S2-562259875, S2-348815526, S2-402704497, S2-83116142","S2-162333182, S3-3097500, S3-432094912, S3-64511371",False,"{'S2-162333182': True, 'S3-3097500': True, 'S3-432094912': True, 'S3-64511371': False}"
S1-602185963,285,"S2-610910881, S2-673392824, S2-23913903, S2-743149755, S2-454822930, S2-119357999, S2-632402236, S2-928432935, S2-992167565, S3-631914659","S2-190596877, S2-23913903, S2-259612078",False,"{'S2-190596877': False, 'S2-23913903': True, 'S2-259612078': True}"
S1-364348036,155,"S2-248564682, S2-390863085, S2-626553074, S2-568661884, S2-368651245, S2-370840472, S2-822569714, S2-617418878, S2-338694572, S2-131219346",None (Singleton),True,Singleton
S1-323868164,140,"S2-156630896, S2-82807422, S3-694662432, S3-323488159, S3-77075228, S2-412209047, S2-675696563, S2-471716245, S2-573652192, S3-928771279","S2-156630896, S3-323488159, S3-694662432, S3-77075228",True,"{'S2-156630896': True, 'S3-323488159': True, 'S3-694662432': True, 'S3-77075228': True}"
S1-985225889,128,"S2-634806791, S2-365040739, S3-639542608, S2-842807389, S2-108452740, S2-716634419, S3-377273799, S3-594121232, S3-488092940, S2-802799063","S2-365040739, S2-634806791, S3-200134771, S3-639542608",False,"{'S2-365040739': True, 'S2-634806791': True, 'S3-200134771': False, 'S3-639542608': True}"
