experiment_id,blocking_config,candidate_recall,candidate_volume,model,features,decision_engine,precision,recall,macro_f0.5,singleton_f0.5,multi_match_f0.5,S2_f0.5,S3_f0.5,runtime,RAM_MB,VRAM_MB,CPU_or_GPU,notes
M8_FROZEN_CONTROL,M8_7Routes_Truncated,57.42,112.5,XGBoost_Baseline_CPU,Baseline_51,adaptive_multi_th0.50,0.8037,0.5416,0.6991,0.8241,0.5732,0.7104,0.6878,155.0,4500.0,0.0,CPU,Frozen Control submission scored 0.690088 on official Test leaderboard.
M9_DEV_A_adaptive_multi_baseline,High_Recall_Blocker_V3,99.98,385.2,XGBoost_GPU_300,51_plus_14_Contextual,A_adaptive_multi_baseline,0.9983,0.9917,0.9962,0.9873,0.9969,0.9938,0.9962,1.76,3566.0,154.0,GPU (RTX 5070),Dev evaluation under high-recall candidate pool.
M9_DEV_B_expected_f05_prefix,High_Recall_Blocker_V3,99.98,385.2,XGBoost_GPU_300,51_plus_14_Contextual,B_expected_f05_prefix,0.9981,0.9945,0.9968,0.9873,0.9976,0.9958,0.9974,1.76,3566.0,154.0,GPU (RTX 5070),Dev evaluation under high-recall candidate pool.
M9_DEV_C_calibrated_prob_gap,High_Recall_Blocker_V3,99.98,385.2,XGBoost_GPU_300,51_plus_14_Contextual,C_calibrated_prob_gap,0.9982,0.9931,0.9965,0.9873,0.9973,0.9947,0.9969,1.76,3566.0,154.0,GPU (RTX 5070),Dev evaluation under high-recall candidate pool.
M9_DEV_D_source_specific_calibration,High_Recall_Blocker_V3,99.98,385.2,XGBoost_GPU_300,51_plus_14_Contextual,D_source_specific_calibration,0.9927,0.9982,0.9945,0.9873,0.9951,0.9939,0.9963,1.76,3566.0,154.0,GPU (RTX 5070),Dev evaluation under high-recall candidate pool.
M9_DEV_E_candidate_rank_aware,High_Recall_Blocker_V3,99.98,385.2,XGBoost_GPU_300,51_plus_14_Contextual,E_candidate_rank_aware,0.9947,0.9976,0.9954,0.9873,0.996,0.9942,0.9971,1.76,3566.0,154.0,GPU (RTX 5070),Dev evaluation under high-recall candidate pool.
M9_DEV_51_features_baseline,High_Recall_Blocker_V3,99.98,385.2,XGBoost_GPU_300,Baseline_51,51_features_baseline,0.9986,0.983,0.9946,0.9937,0.9945,0.9882,0.9936,1.76,3566.0,154.0,GPU (RTX 5070),Dev evaluation under high-recall candidate pool.
M9_DEV_Ensemble_XGB_HistGB,High_Recall_Blocker_V3,99.98,385.2,Ensemble_XGB_HistGB,51_plus_14_Contextual,Ensemble_XGB_HistGB,0.9982,0.9916,0.9961,0.9873,0.9969,0.9937,0.9963,1.76,3566.0,154.0,GPU (RTX 5070),Dev evaluation under high-recall candidate pool.
M9_HOLDOUT_FINAL,High_Recall_Blocker_V3,99.98,385.2,Ensemble_XGB_GPU_HistGB,51_plus_14_Contextual,adaptive_multi_th0.49_m0.05,0.9981,0.992,0.9966,0.9961,0.9967,0.9944,0.9959,112.32,3566.0,154.0,GPU (RTX 5070) + CPU,Untouched Holdout evaluated exactly once. Candidate bottleneck resolved.
