s1_entity_id,country,has_true_pair,num_true_matches,true_target_sources,true_target_ids,name_raw,addr_raw,name_normalized,addr_normalized,routes_attempted,nearest_gt_name_similarity,category
S1-601964566,India,False,0,,,Sea Holdings,"No 11A, Kurinji Apartments, Flat 2C M.G.",sea holdings,number 11a kurinji apartments flat 2c m ,"exact_name,exact_address,name_sig,addr_sig,rare_tokens",0.0,A_True_Singleton
S1-510465376,India,True,3,"S3,S2","S3-741279068,S3-212246511,S2-44892425",Systems Fine Imaging,"Plot No.53B, Dabar Enclave, Rawta More, ",systems fine imaging,plot number 53b dabar enclave rawta more,"exact_name,exact_address,name_sig,addr_sig,rare_tokens",100.0,B_True_Matched_Retrieval_Failure
S1-765135157,India,True,6,"S2,S3","S2-252796927,S3-597879727,S2-545425923,S3-117874415,S3-258482529,S2-638412103",Industries Public School,"Shop S-2, Manish Twin Plaza Plot No 2 Se",industries public school,shop s 2 manish twin plaza plot number 2,"exact_name,exact_address,name_sig,addr_sig,rare_tokens",100.0,B_True_Matched_Retrieval_Failure
S1-980718986,India,True,2,S2,"S2-56059408,S2-941736031",Ultra Industries Group Ltd,"Delhi, 1St Floor, Amberhai Extension, Se",ultra industries group limited,delhi 1st floor amberhai extension secto,"exact_name,exact_address,name_sig,addr_sig,rare_tokens",100.0,B_True_Matched_Retrieval_Failure
S1-491142286,India,False,0,,,Indigo Art Private Limited,"Karnataka, Bangalore, Bangalore North, 2",indigo art private limited,karnataka bangalore bangalore north 206 ,"exact_name,exact_address,name_sig,addr_sig,rare_tokens",0.0,A_True_Singleton
S1-510160219,India,True,4,"S3,S2","S3-418048828,S2-210747227,S3-405913794,S3-297144391",Eagle Travels (India) Private Limited,S No 43 Pl No 103 Navsahyadri Soc Karven,eagle travels india private limited,s number 43 place number 103 navsahyadri,"exact_name,exact_address,name_sig,addr_sig,rare_tokens",100.0,B_True_Matched_Retrieval_Failure
S1-724416913,India,True,2,S3,"S3-473380532,S3-552649056",Hill Hotels (India) Pvt Ltd,"Khatod Plaza 2Nd Floor, No-4, Nsc Bose R",hill hotels india private limited,khatod plaza 2nd floor number 4 nsc bose,"exact_name,exact_address,name_sig,addr_sig,rare_tokens",96.3,B_True_Matched_Retrieval_Failure
S1-792773808,India,False,0,,,Apex Big Engineering Private Limited,"C/8, Sapteshwar Co Op H, Soc, B/H Navran",apex big engineering private limited,c 8 sapteshwar co op h soc b h navrang t,"exact_name,exact_address,name_sig,addr_sig,rare_tokens",0.0,A_True_Singleton
S1-142377942,India,True,1,S3,S3-761775241,Technologies Express India Ltd,"Thanjavur, Patukottai, Pilavadikollai, D",technologies express india limited,thanjavur patukottai pilavadikollai door,"exact_name,exact_address,name_sig,addr_sig,rare_tokens",100.0,B_True_Matched_Retrieval_Failure
S1-14882683,India,True,3,S3,"S3-714402858,S3-481245286,S3-275794485",Om Ram Finance Private Limited,"No. 151, 3Rd Cross, Kalyan, Hampinagar, ",om ram finance private limited,number 151 3rd cross kalyan hampinagar r,"exact_name,exact_address,name_sig,addr_sig,rare_tokens",92.86,B_True_Matched_Retrieval_Failure
S1-980838199,India,False,0,,,Foundation Steel India LLP,"Delhi, New Delhi, South Delhi, C/O Mr. S",foundation steel india limited liability,delhi new delhi south delhi c o mr suvid,"exact_name,exact_address,name_sig,addr_sig,rare_tokens",0.0,A_True_Singleton
S1-664118931,US,True,1,S3,S3-322821292,Southern Total Culture Center,"IN, 3078 Watergate Road, Indianapolis",southern total culture center,in 3078 watergate road indianapolis,"exact_name,exact_address,name_sig,addr_sig,rare_tokens",38.1,B_True_Matched_Retrieval_Failure
S1-298188480,India,True,2,S2,"S2-770984213,S2-220378532",Properties Foods Limited,"Plot No 94, Jigani Ii Phase Industrial A",properties foods limited,plot number 94 jigani ii phase industria,"exact_name,exact_address,name_sig,addr_sig,rare_tokens",90.91,B_True_Matched_Retrieval_Failure
S1-252065809,India,True,1,S2,S2-435291100,Technical Group,"No. 15, 16, 1St Main Road, Pragathi Layo",technical group,number 15 16 1st main road pragathi layo,"exact_name,exact_address,name_sig,addr_sig,rare_tokens",100.0,B_True_Matched_Retrieval_Failure
S1-700671220,US,True,3,"S2,S3","S2-37190422,S3-65880415,S2-623627391",Mutual Cargo Studios Inc,"IL, 838 State Street, Springfield",mutual cargo studios incorporated,il 838 state street springfield,"exact_name,exact_address,name_sig,addr_sig,rare_tokens",74.51,B_True_Matched_Retrieval_Failure
S1-405076116,India,False,0,,,Guru Manufacturing,"Maharashtra, Commerz Iii International B",guru manufacturing,maharashtra commerz iii international bu,"exact_name,exact_address,name_sig,addr_sig,rare_tokens",0.0,A_True_Singleton
S1-541550729,India,True,1,S3,S3-670135064,Gujarat My It Private Limited,"# 1583, Samhita, 13Th Main, 20Th Cross B",gujarat my it private limited,1583 samhita 13th main 20th cross b bloc,"exact_name,exact_address,name_sig,addr_sig,rare_tokens",94.55,B_True_Matched_Retrieval_Failure
S1-16919297,India,True,5,"S2,S3","S2-893517295,S3-919457258,S2-744071494,S2-925579319,S2-303466178",Services Divine Education Private Limite,"Bl-2 B-104, Wakadi, Green Acre, Ph-Ii Pa",services divine education private limite,bl 2 b 104 wakadi green acre ph ii panve,"exact_name,exact_address,name_sig,addr_sig,rare_tokens",100.0,B_True_Matched_Retrieval_Failure
S1-892177364,India,True,3,"S3,S2","S3-654994160,S3-342647920,S2-440296721",San & Brothers Private Limited,"H. No. 86, Sainik Society, Sarojini Naga",san and brothers private limited,h number 86 sainik society sarojini naga,"exact_name,exact_address,name_sig,addr_sig,rare_tokens",93.33,B_True_Matched_Retrieval_Failure
S1-480881552,US,True,3,"S3,S2","S3-347598748,S2-848206490,S2-422650471",Vision Rocky Center L.L.C.,"Bowie, TX, 461 Clubview Drive",vision rocky center l l c,bowie tx 461 clubview drive,"exact_name,exact_address,name_sig,addr_sig,rare_tokens",96.15,B_True_Matched_Retrieval_Failure
S1-218468123,India,True,3,"S3,S2","S3-379997893,S3-243194561,S2-598195596",Surat City Foundation Pvt. Ltd.,"Plot No 86, First Floor, Old Gidc, Filpa",surat city foundation private limited,plot number 86 first floor old gidc filp,"exact_name,exact_address,name_sig,addr_sig,rare_tokens",98.36,B_True_Matched_Retrieval_Failure
S1-166725907,India,False,0,,,Circle Oil Limited,"C/O Shri Shivram Raut, C H Road, Balagha",circle oil limited,c o shri shivram raut c h road balaghat ,"exact_name,exact_address,name_sig,addr_sig,rare_tokens",0.0,A_True_Singleton
S1-657111348,US,True,3,"S3,S2","S3-308030535,S3-810905415,S2-680097885",Bailey Summit Bancorp LLC,"Unit APT H, AL, 3231 Virginia Pines Lane",bailey summit bancorp limited liability ,unit apartment h al 3231 virginia pines ,"exact_name,exact_address,name_sig,addr_sig,rare_tokens",100.0,B_True_Matched_Retrieval_Failure
S1-972480177,India,True,6,"S2,S3","S2-260463077,S3-517545241,S2-76741439,S3-252501481,S2-798821281,S3-69966585",Av Memorial Trust,"1St Floor, Subhadra House, 11 Joy Builde",av memorial trust,1st floor subhadra house 11 joy builders,"exact_name,exact_address,name_sig,addr_sig,rare_tokens",100.0,B_True_Matched_Retrieval_Failure
S1-659472026,India,True,4,"S3,S2","S3-634905548,S2-703406397,S3-271342943,S3-541533305",Hotel Jay Investment Private Limited,"D-112 Gali No 4, Ganga Vihar, Delhi",hotel jay investment private limited,d 112 gali number 4 ganga vihar delhi,"exact_name,exact_address,name_sig,addr_sig,rare_tokens",81.97,B_True_Matched_Retrieval_Failure
S1-266926946,India,True,2,"S2,S3","S2-344502278,S3-664214737",Super Resorts Private Limited,"Plot No. 93, Aditya Hill Paradise, Telan",super resorts private limited,plot number 93 aditya hill paradise tela,"exact_name,exact_address,name_sig,addr_sig,rare_tokens",91.3,B_True_Matched_Retrieval_Failure
S1-88895806,India,True,1,S3,S3-576575184,Energy Vr Textile Private Limited,"West Bengal, Howrah, Natun Para, Kolkata",energy vr textile private limited,west bengal howrah natun para kolkata te,"exact_name,exact_address,name_sig,addr_sig,rare_tokens",100.0,B_True_Matched_Retrieval_Failure
S1-624859382,India,True,2,"S3,S2","S3-350254184,S2-944701179",Krishna Shivam Management Private Limite,"Basement Floorjingadi Market Chikpet, 75",krishna shivam management private limite,basement floorjingadi market chikpet 757,"exact_name,exact_address,name_sig,addr_sig,rare_tokens",9.52,B_True_Matched_Retrieval_Failure
S1-932138192,India,True,9,"S3,S2","S3-691060775,S3-157299910,S2-75047746,S2-550373325,S3-696646158,S3-878953606,S2-928188144,S2-309271641,S3-144063285",Regency Law Chambers,"Rajesh Choudhary Vill./P.O.- Babhni, Sin",regency law chambers,rajesh choudhary vill p o babhni singhes,"exact_name,exact_address,name_sig,addr_sig,rare_tokens",100.0,B_True_Matched_Retrieval_Failure
S1-568003898,US,True,3,"S3,S2","S3-151174731,S2-504530927,S2-161865481",Cultural Sterling Fund,"TN, 345 Oak Grove Road, Gray",cultural sterling fund,tn 345 oak grove road gray,"exact_name,exact_address,name_sig,addr_sig,rare_tokens",100.0,B_True_Matched_Retrieval_Failure
S1-866445183,US,True,3,"S2,S3","S2-112693075,S2-786761888,S3-646417536",Hunt Empire Crest,"Raleigh, NC, 7900 Westfall Lane",hunt empire crest,raleigh nc 7900 westfall lane,"exact_name,exact_address,name_sig,addr_sig,rare_tokens",100.0,B_True_Matched_Retrieval_Failure
S1-637974627,India,True,3,"S3,S2","S3-707092634,S2-14441532,S3-929164487",Eye Technologies (India) Private Limited,"5Th Floor, Office No 533, Vishala Suprem",eye technologies india private limited,5th floor office number 533 vishala supr,"exact_name,exact_address,name_sig,addr_sig,rare_tokens",94.12,B_True_Matched_Retrieval_Failure
S1-609034256,US,True,2,"S2,S3","S2-823295538,S3-273216704",American Foundation IV LLC,"Topeka, KS, 1260 Medford Avenue",american foundation iv limited liability,topeka ks 1260 medford avenue,"exact_name,exact_address,name_sig,addr_sig,rare_tokens",100.0,B_True_Matched_Retrieval_Failure
S1-163977091,US,False,0,,,Premier Better Precision LLC,"NY, Johnson City, 107 Bernice Street",premier better precision limited liabili,ny johnson city 107 bernice street,"exact_name,exact_address,name_sig,addr_sig,rare_tokens",0.0,A_True_Singleton
S1-557680801,India,True,3,"S2,S3","S2-609545901,S3-731843002,S3-525809986",Happy Nursing Home Private Limited,"Urminhouse, 1Stfloor, Sindhubhavanroad, ",happy nursing home private limited,urminhouse 1stfloor sindhubhavanroad bes,"exact_name,exact_address,name_sig,addr_sig,rare_tokens",93.75,B_True_Matched_Retrieval_Failure
S1-92884043,India,True,5,"S2,S3","S2-60793248,S3-698738657,S2-534631994,S2-609467463,S3-431765338",Allied Vidyalaya LLP,"Basement, Plot No. 65, Sector-12A Dwarka",allied vidyalaya limited liability partn,basement plot number 65 sector 12a dwark,"exact_name,exact_address,name_sig,addr_sig,rare_tokens",95.0,B_True_Matched_Retrieval_Failure
S1-903847319,India,True,2,S3,"S3-314709160,S3-836004834",Allied Hill LLP,"A-136, Basement, Sector-8, Dwarka, New D",allied hill limited liability partnershi,a 136 basement sector 8 dwarka new delhi,"exact_name,exact_address,name_sig,addr_sig,rare_tokens",55.17,B_True_Matched_Retrieval_Failure
S1-654141342,India,True,3,"S2,S3","S2-689275088,S3-909759726,S3-308418561",Coimbatore Credit Private Limited,"Rishikesh, Old No.67-A, New No.100 Karun",coimbatore credit private limited,rishikesh old number 67 a new number 100,"exact_name,exact_address,name_sig,addr_sig,rare_tokens",97.06,B_True_Matched_Retrieval_Failure
S1-764819434,US,True,4,"S3,S2","S3-48749501,S3-121233997,S2-478488173,S3-999438884",Unified Medical Laboratories LLC,"Fort Wayne, IN, 1157 Oakdale Drive",unified medical laboratories limited lia,fort wayne in 1157 oakdale drive,"exact_name,exact_address,name_sig,addr_sig,rare_tokens",98.41,B_True_Matched_Retrieval_Failure
S1-343709657,US,True,3,"S2,S3","S2-396963081,S2-424899895,S3-18178885",Horizon Data Digital Corporation,"UT, Cedar City, 1476 625",horizon data digital corporation,ut cedar city 1476 625,"exact_name,exact_address,name_sig,addr_sig,rare_tokens",100.0,B_True_Matched_Retrieval_Failure
S1-135869055,India,True,6,"S2,S3","S2-607597099,S2-968781332,S3-166240964,S3-986061131,S3-953360229,S3-831697646",Jain Big Healthcare Private Limited,"S/O Madan Lal, St. No., 1/1, Saraabha Na",jain big healthcare private limited,s o madan lal street number 1 1 saraabha,"exact_name,exact_address,name_sig,addr_sig,rare_tokens",97.22,B_True_Matched_Retrieval_Failure
S1-873992785,India,True,3,"S2,S3","S2-413443102,S3-192070554,S3-549084420",Balaji Unique Logistics Private Limited,"S No 114/2/2 Premlok Colony, Nadhe Nagar",balaji unique logistics private limited,s number 114 2 2 premlok colony nadhe na,"exact_name,exact_address,name_sig,addr_sig,rare_tokens",86.11,B_True_Matched_Retrieval_Failure
S1-884926453,US,True,5,"S3,S2","S3-244491901,S3-616780639,S3-431044600,S3-464157836,S2-272049500",Anchor Modern Range Inc,"VA, Norfolk City, 5401 Curlew Drive",anchor modern range incorporated,va norfolk city 5401 curlew drive,"exact_name,exact_address,name_sig,addr_sig,rare_tokens",97.87,B_True_Matched_Retrieval_Failure
S1-698185127,India,True,5,"S2,S3","S2-255514333,S2-924419599,S2-929773377,S2-922959899,S3-536358446",Hitech United Media Limited,"Haryana, 4Th Floor, Tower A-4, Commercia",hitech united media limited,haryana 4th floor tower a 4 commercial c,"exact_name,exact_address,name_sig,addr_sig,rare_tokens",92.0,B_True_Matched_Retrieval_Failure
S1-715250188,India,True,4,"S3,S2","S3-896756745,S2-293281166,S2-503216274,S2-681231494",Shivam Ss Exports Pvt Ltd,"Flat No. 304, 3Rd Floor, Association Of ",shivam ss exports private limited,flat number 304 3rd floor association of,"exact_name,exact_address,name_sig,addr_sig,rare_tokens",90.57,B_True_Matched_Retrieval_Failure
S1-147130639,India,True,7,"S3,S2","S3-938833116,S3-693017746,S3-757942489,S2-928241238,S2-94108533,S2-265517601,S3-676175120",Digital Ace Investment Pvt Ltd,"#172, 2Nd Main, Rmv 2Nd Stage, 1St Block",digital ace investment private limited,172 2nd main rmv 2nd stage 1st block ban,"exact_name,exact_address,name_sig,addr_sig,rare_tokens",100.0,B_True_Matched_Retrieval_Failure
S1-35668036,US,True,3,"S3,S2","S3-81997505,S3-967068650,S2-777863965",Desert Optimal Partners Inc,"Mount Pleasant, 5 Lundys Lane, NY",desert optimal partners incorporated,mount pleasant 5 lundys lane ny,"exact_name,exact_address,name_sig,addr_sig,rare_tokens",100.0,B_True_Matched_Retrieval_Failure
S1-175826460,India,True,7,"S3,S2","S3-620093919,S2-542214061,S3-248633960,S2-993246406,S2-634277144,S3-848925876,S3-265415006",Mercury Software Private Limited,"G Flr-Fr 172/7 Picnic, Garden Road Lp-9/",mercury software private limited,g flr fr 172 7 picnic garden road lp 9 1,"exact_name,exact_address,name_sig,addr_sig,rare_tokens",93.33,B_True_Matched_Retrieval_Failure
S1-318345003,India,False,0,,,India & Co Pvt Ltd,"Plot No 154/1529, Reghunath Nagar, Bhuba",india and company private limited,plot number 154 1529 reghunath nagar bhu,"exact_name,exact_address,name_sig,addr_sig,rare_tokens",0.0,A_True_Singleton
S1-445226603,India,True,2,"S2,S3","S2-995926989,S3-794803846",Sun Tech Software Private Limited,"A 1206, Pearl Height Chs Ltd, Opp Villag",sun tech software private limited,a 1206 pearl height chs ltd opp village ,"exact_name,exact_address,name_sig,addr_sig,rare_tokens",91.8,B_True_Matched_Retrieval_Failure
S1-707310292,India,True,1,S2,S2-819004366,Engineering Infra (India) Private Limite,"Shri Premraj Sakharam Kubde H.No. 107, G",engineering infra india private limited,shri premraj sakharam kubde h number 107,"exact_name,exact_address,name_sig,addr_sig,rare_tokens",89.19,B_True_Matched_Retrieval_Failure
S1-506587396,India,True,2,"S2,S3","S2-533152396,S3-667179217",Life Arihant Healthcare Private Limited,"Rc-82, Ghaziabad, Uttar Pradesh, Ghaziab",life arihant healthcare private limited,rc 82 ghaziabad uttar pradesh ghaziabad ,"exact_name,exact_address,name_sig,addr_sig,rare_tokens",10.39,B_True_Matched_Retrieval_Failure
S1-98578311,India,True,2,S3,"S3-36560157,S3-183917592",Enterprise Global,"New No 3. (Old 211), Gokaldas Platinum, ",enterprise global,new number 3 old 211 gokaldas platinum u,"exact_name,exact_address,name_sig,addr_sig,rare_tokens",100.0,B_True_Matched_Retrieval_Failure
S1-204238916,India,True,3,"S3,S2","S3-536611483,S3-524027449,S2-237859959",Coimbatore South Foundation Private Limi,"No.68B/2, Nadar Colony, Nanjundapuram Rd",coimbatore south foundation private limi,number 68b 2 nadar colony nanjundapuram ,"exact_name,exact_address,name_sig,addr_sig,rare_tokens",100.0,B_True_Matched_Retrieval_Failure
S1-420366076,US,True,3,"S3,S2","S3-52377313,S3-381689104,S2-913061317",Saint Cloud Housing Gulf Fellowship LP,"MN, 1826 37 Street, Saint Cloud",saint cloud housing gulf fellowship lp,mn 1826 37 street saint cloud,"exact_name,exact_address,name_sig,addr_sig,rare_tokens",97.44,B_True_Matched_Retrieval_Failure
S1-119283858,US,True,1,S3,S3-759107544,Henderson Term,"Springfield, MO, 1256 Jaylin Avenue",henderson term,springfield mo 1256 jaylin avenue,"exact_name,exact_address,name_sig,addr_sig,rare_tokens",92.86,B_True_Matched_Retrieval_Failure
S1-810023253,India,True,1,S3,S3-906554614,Dynamic Indian Engineering Private Limit,"Flat No. Gw/1204 Block-H Sec-1, Green Wo",dynamic indian engineering private limit,flat number gw 1204 block h sec 1 green ,"exact_name,exact_address,name_sig,addr_sig,rare_tokens",48.57,B_True_Matched_Retrieval_Failure
S1-894915419,India,True,2,"S3,S2","S3-393256446,S2-466821027",Faridabad Products Associates,"Flat No 102 Basement No 102 Block Iii, E",faridabad products associates,flat number 102 basement number 102 bloc,"exact_name,exact_address,name_sig,addr_sig,rare_tokens",100.0,B_True_Matched_Retrieval_Failure
S1-679399218,India,True,4,"S3,S2","S3-326497877,S2-611879874,S2-291405600,S3-124882722",Golden Balaji Investments Limited,"No. 150 Perungudi Industrial Estate, Che",golden balaji investments limited,number 150 perungudi industrial estate c,"exact_name,exact_address,name_sig,addr_sig,rare_tokens",95.38,B_True_Matched_Retrieval_Failure
S1-40012779,US,True,4,"S3,S2","S3-822527927,S3-486583009,S2-172424450,S3-836436084",Heartland Society P.C.,"Little Rock, AR, 5419 Robin Road",heartland society p c,little rock ar 5419 robin road,"exact_name,exact_address,name_sig,addr_sig,rare_tokens",95.65,B_True_Matched_Retrieval_Failure
S1-768750776,India,True,4,"S3,S2","S3-61191363,S2-704999668,S2-389341810,S3-439851486",Good Hotel Foods Private Limited,"West Bengal, Kolkata, 113 Park Street4Th",good hotel foods private limited,west bengal kolkata 113 park street4th f,"exact_name,exact_address,name_sig,addr_sig,rare_tokens",82.35,B_True_Matched_Retrieval_Failure
S1-774710077,US,True,4,"S2,S3","S2-849971331,S2-243258318,S2-21461957,S3-146598321",Beck Capstone PLLC,"TX, Alvin, 89 Cr 249",beck capstone pllc,tx alvin 89 cr 249,"exact_name,exact_address,name_sig,addr_sig,rare_tokens",88.24,B_True_Matched_Retrieval_Failure
S1-731072637,India,False,0,,,Dynamic Green Engineering Pvt Ltd,"E-59, Naraina Vihar, New Delhi, Delhi",dynamic green engineering private limite,e 59 naraina vihar new delhi delhi,"exact_name,exact_address,name_sig,addr_sig,rare_tokens",0.0,A_True_Singleton
S1-996499655,US,True,1,S3,S3-258153849,Hunt Sciences Inc,"Albany, 19 Stanwix Street, NY, Unit Apar",hunt sciences incorporated,albany 19 stanwix street ny unit apartme,"exact_name,exact_address,name_sig,addr_sig,rare_tokens",88.24,B_True_Matched_Retrieval_Failure
S1-123726116,India,True,1,S2,S2-377621356,Shree Aditya International Pvt Ltd,"D-464, Delhi, New Delhi, Godhra Plaza Se",shree aditya international private limit,d 464 delhi new delhi godhra plaza secto,"exact_name,exact_address,name_sig,addr_sig,rare_tokens",12.31,B_True_Matched_Retrieval_Failure
S1-972215296,India,True,3,S2,"S2-396151789,S2-585307275,S2-464181896",Aditya Systems LLP,"Maharashtra, Thane, Navimumbai, 104 C-Wi",aditya systems limited liability partner,maharashtra thane navimumbai 104 c wing ,"exact_name,exact_address,name_sig,addr_sig,rare_tokens",10.0,B_True_Matched_Retrieval_Failure
S1-368975878,India,True,3,"S2,S3","S2-943586071,S3-810885245,S3-524240423",Patna Trading Pvt Ltd,C/O Digvijay Singh Plot No. 25 S K Nagar,patna trading private limited,c o digvijay singh plot number 25 s k na,"exact_name,exact_address,name_sig,addr_sig,rare_tokens",100.0,B_True_Matched_Retrieval_Failure
S1-468150453,US,True,5,"S2,S3","S2-644899402,S3-798303600,S2-352530968,S2-248116950,S2-924356329",J & Q Horse,"City Of Oshkosh, Unit Unit 8, WI, 2115 A",j and q horse,city of oshkosh unit unit 8 wi 2115 abbe,"exact_name,exact_address,name_sig,addr_sig,rare_tokens",90.91,B_True_Matched_Retrieval_Failure
S1-39186243,US,True,1,S3,S3-498713578,Unified Wireless Consultants,"Sour Lake, TX, 114 Woodshire Lane",unified wireless consultants,sour lake tx 114 woodshire lane,"exact_name,exact_address,name_sig,addr_sig,rare_tokens",20.51,B_True_Matched_Retrieval_Failure
S1-114959595,India,True,4,"S2,S3","S2-805951245,S3-427702198,S3-30270808,S2-302146046",Premier Smart Properties Private Limited,"C-201 Mangal Murti, Village:Pethapur, Ga",premier smart properties private limited,c 201 mangal murti village pethapur gand,"exact_name,exact_address,name_sig,addr_sig,rare_tokens",94.74,B_True_Matched_Retrieval_Failure
S1-589014215,US,True,5,"S3,S2","S3-11765089,S3-981207485,S3-520605045,S2-569137049,S2-91660461","Smith Medicine, LLC","NC, 4261 Old Thomasville Road, Winston-s",smith medicine limited liability company,nc 4261 old thomasville road winston sal,"exact_name,exact_address,name_sig,addr_sig,rare_tokens",100.0,B_True_Matched_Retrieval_Failure
S1-923282102,US,True,5,"S3,S2","S3-297320348,S2-943771617,S2-497837962,S3-813879193,S2-914579863",Crystal Total Xii LLC,"Saint Paul, MN, 241 Curtice Street",crystal total xii limited liability comp,saint paul mn 241 curtice street,"exact_name,exact_address,name_sig,addr_sig,rare_tokens",100.0,B_True_Matched_Retrieval_Failure
S1-643745190,US,True,1,S2,S2-98478081,Gulf Rapid Auto Sales LLC,"MD, 3474 Yellow Bank Road, Dunkirk",gulf rapid auto sales limited liability ,md 3474 yellow bank road dunkirk,"exact_name,exact_address,name_sig,addr_sig,rare_tokens",38.1,B_True_Matched_Retrieval_Failure
S1-221659016,India,False,0,,,Bhopal Nidhi Private Limited,Plot No. 17 Surendra Estate Chunna Bhatt,bhopal nidhi private limited,plot number 17 surendra estate chunna bh,"exact_name,exact_address,name_sig,addr_sig,rare_tokens",0.0,A_True_Singleton
S1-260146053,India,True,3,"S3,S2","S3-843266376,S3-771106393,S2-232138013",City Healthcare LLP,"Uttar Pradesh, Kanpur, C/O Janak Singh, ",city healthcare limited liability partne,uttar pradesh kanpur c o janak singh kan,"exact_name,exact_address,name_sig,addr_sig,rare_tokens",100.0,B_True_Matched_Retrieval_Failure
S1-362298608,India,True,5,"S2,S3","S2-101924540,S3-119428120,S3-358359515,S3-337946163,S2-769758451",North Blue Exports Limited,"Angul, Gandhi Marg Amalapada, Angul, Ori",north blue exports limited,angul gandhi marg amalapada angul orissa,"exact_name,exact_address,name_sig,addr_sig,rare_tokens",83.72,B_True_Matched_Retrieval_Failure
S1-972705175,US,True,6,"S3,S2","S3-744373124,S3-119048749,S3-284390099,S3-828151890,S3-516987858,S2-944011155",Northern Data Inc,"Cairo, 552 Bald Hills Road, NY",northern data incorporated,cairo 552 bald hills road ny,"exact_name,exact_address,name_sig,addr_sig,rare_tokens",100.0,B_True_Matched_Retrieval_Failure
S1-714183085,India,True,3,"S3,S2","S3-603122105,S3-133029252,S2-730751200",Ram Nagar Pvt Ltd,"Flat No - 4, Market Block, Sector-1 R.K.",ram nagar private limited,flat number 4 market block sector 1 r k ,"exact_name,exact_address,name_sig,addr_sig,rare_tokens",90.91,B_True_Matched_Retrieval_Failure
S1-803785804,India,True,7,"S2,S3","S2-258891301,S3-870207218,S3-75632947,S2-928295058,S2-541226859,S3-649627994,S2-806385083",Sky Aditya Ventures Private Limited,"A-87-1/C Sector-02, Noida, Gautam Buddha",sky aditya ventures private limited,a 87 1 c sector 02 noida gautam buddha n,"exact_name,exact_address,name_sig,addr_sig,rare_tokens",100.0,B_True_Matched_Retrieval_Failure
S1-196154314,India,True,3,"S3,S2","S3-510815703,S2-760306084,S3-389857780",Ss Baba It Private Limited,"2Floor, Flatno.204, Msalird, George Buil",ss baba it private limited,2floor flatno 204 msalird george build s,"exact_name,exact_address,name_sig,addr_sig,rare_tokens",14.04,B_True_Matched_Retrieval_Failure
S1-876933219,India,False,0,,,Golden Real Power Private Limited,"No.12, Basavanna Temple Street Adugodi, ",golden real power private limited,number 12 basavanna temple street adugod,"exact_name,exact_address,name_sig,addr_sig,rare_tokens",0.0,A_True_Singleton
S1-185115475,India,True,5,"S3,S2","S3-515214495,S3-404791210,S2-646674577,S3-705932091,S2-797493539",Store Machines Limited,"Flat No 21 B, 3Rd Floor, Plot No 22 Purs",store machines limited,flat number 21 b 3rd floor plot number 2,"exact_name,exact_address,name_sig,addr_sig,rare_tokens",95.45,B_True_Matched_Retrieval_Failure
S1-245670801,India,True,3,S2,"S2-952978241,S2-204299940,S2-35402577",Blue Shakti Technology Pvt Ltd,"6Th Floor -A-605-A-607 Summit, Tcg3/3, V",blue shakti technology private limited,6th floor a 605 a 607 summit tcg3 3 vibh,"exact_name,exact_address,name_sig,addr_sig,rare_tokens",96.67,B_True_Matched_Retrieval_Failure
S1-178719671,India,True,2,S3,"S3-882515735,S3-576238165",Saint Computer Private Limited,"D.No. 41-1/9-1, 4Th Lane Krishna Lanka, ",saint computer private limited,d number 41 1 9 1 4th lane krishna lanka,"exact_name,exact_address,name_sig,addr_sig,rare_tokens",90.91,B_True_Matched_Retrieval_Failure
S1-585815616,US,False,0,,,Express Keystone Industries Inc,"OR, Salem, 571 Rosemont Avenue",express keystone industries incorporated,or salem 571 rosemont avenue,"exact_name,exact_address,name_sig,addr_sig,rare_tokens",0.0,A_True_Singleton
S1-236555162,India,True,3,"S3,S2","S3-196026592,S2-928270884,S3-234829904",Ss Star Foundation Limited,Srv Complex In Front Of Pravara Hospital,ss star foundation limited,srv complex in front of pravara hospital,"exact_name,exact_address,name_sig,addr_sig,rare_tokens",11.32,B_True_Matched_Retrieval_Failure
S1-829263278,India,False,0,,,Seven Business LLP,"Shop No 5 First Floor, White House Marke",seven business limited liability partner,shop number 5 first floor white house ma,"exact_name,exact_address,name_sig,addr_sig,rare_tokens",0.0,A_True_Singleton
S1-379047675,India,True,3,"S2,S3","S2-320974288,S3-63858605,S3-60725893",Shree (India) Advertising Private Limite,B/201 Mhasagar Apt Pandit Wadi Virar Eas,shree india advertising private limited,b 201 mhasagar apartment pandit wadi vir,"exact_name,exact_address,name_sig,addr_sig,rare_tokens",94.87,B_True_Matched_Retrieval_Failure
S1-696197922,India,True,2,"S2,S3","S2-906774031,S3-241748094",Square Medical Centre Pune Ltd,"Office No.1, First Floor, Sanskruti Comp",square medical centre pune limited,office number 1 first floor sanskruti co,"exact_name,exact_address,name_sig,addr_sig,rare_tokens",93.75,B_True_Matched_Retrieval_Failure
S1-746246559,US,True,4,"S3,S2","S3-508675996,S2-356189198,S3-318234127,S2-900251197",Moore Union,"MA, Cambridge, Unit 31, 246 Brattle Stre",moore union,ma cambridge unit 31 246 brattle street,"exact_name,exact_address,name_sig,addr_sig,rare_tokens",100.0,B_True_Matched_Retrieval_Failure
S1-189794428,US,True,4,"S2,S3","S2-599096910,S2-869834575,S3-460154155,S3-321804896",Colonial Interstate Tidewater LLC,"Fayetteville, Unit Apt 26, AR, 796 Morni",colonial interstate tidewater limited li,fayetteville unit apartment 26 ar 796 mo,"exact_name,exact_address,name_sig,addr_sig,rare_tokens",100.0,B_True_Matched_Retrieval_Failure
S1-605195589,India,True,2,"S3,S2","S3-829649434,S2-400528478",Ap & Sons LLP,"C/O. Debasree Das, South 24 Parganas, We",ap and sons limited liability partnershi,c o debasree das south 24 parganas west ,"exact_name,exact_address,name_sig,addr_sig,rare_tokens",89.66,B_True_Matched_Retrieval_Failure
S1-94213680,US,True,4,"S3,S2","S3-867252778,S3-784247762,S2-701554250,S3-899255723",Crystal Semiconductor Consultants,"Brookhaven, NY, 322 Erik Drive",crystal semiconductor consultants,brookhaven ny 322 erik drive,"exact_name,exact_address,name_sig,addr_sig,rare_tokens",100.0,B_True_Matched_Retrieval_Failure
S1-128839616,India,True,4,"S3,S2","S3-437007512,S3-773918975,S2-534143335,S3-969248323",Vision Premier Marketing Private Limited,"Punjab, Backside Sbimeenu Street Malerko",vision premier marketing private limited,punjab backside sbimeenu street malerkot,"exact_name,exact_address,name_sig,addr_sig,rare_tokens",97.56,B_True_Matched_Retrieval_Failure
S1-751829495,India,False,0,,,Gold Financial LLP,"Maharashtra, Flat 5, Pune, 165, Shivtirt",gold financial limited liability partner,maharashtra flat 5 pune 165 shivtirth ch,"exact_name,exact_address,name_sig,addr_sig,rare_tokens",0.0,A_True_Singleton
S1-310509351,India,True,2,"S2,S3","S2-577664186,S3-997073427",DS Hospitality Private Limited,"Flat No.501, Plot No.476, Habeeb Mansion",ds hospitality private limited,flat number 501 plot number 476 habeeb m,"exact_name,exact_address,name_sig,addr_sig,rare_tokens",100.0,B_True_Matched_Retrieval_Failure
S1-741763939,US,True,3,"S3,S2","S3-20113447,S2-606849083,S2-760821394",Piedmont Center Care,"IL, 1414 Julianne Drive, Marion",piedmont center care,il 1414 julianne drive marion,"exact_name,exact_address,name_sig,addr_sig,rare_tokens",92.31,B_True_Matched_Retrieval_Failure
S1-679263349,India,True,4,"S3,S2","S3-75894638,S3-936335092,S3-522661069,S2-211442670",Aditya Sai Marketing Private Limited,"Jaipur, Katewa Nagar New Sanganer Road, ",aditya sai marketing private limited,jaipur katewa nagar new sanganer road so,"exact_name,exact_address,name_sig,addr_sig,rare_tokens",87.5,B_True_Matched_Retrieval_Failure
S1-66901398,India,True,1,S3,S3-683094046,Hari Balaji Consultancy Private Limited,"Promoter'S Add:- 27, Hanuman Road, Conna",hari balaji consultancy private limited,promoter s add 27 hanuman road connaught,"exact_name,exact_address,name_sig,addr_sig,rare_tokens",10.39,B_True_Matched_Retrieval_Failure
S1-306198266,India,True,3,"S3,S2","S3-557244716,S3-313131316,S2-187145312",Aditya United Construction,"Pt Cm 8/8, Status Bldg, Sh 202, 2Nd Fl, ",aditya united construction,pt cm 8 8 status bldg sh 202 2nd floor n,"exact_name,exact_address,name_sig,addr_sig,rare_tokens",90.91,B_True_Matched_Retrieval_Failure
S1-80847232,India,True,4,"S2,S3","S2-40898363,S2-452912788,S3-564630691,S3-972537177",Mumbai Vision Private Limited,"Block No. 5, 1St Floor, Somaiya Shopping",mumbai vision private limited,block number 5 1st floor somaiya shoppin,"exact_name,exact_address,name_sig,addr_sig,rare_tokens",100.0,B_True_Matched_Retrieval_Failure
S1-674479614,India,True,3,"S3,S2","S3-32496855,S3-800027487,S2-735683886",Five Seva Samiti,"Shop No.2, Rizvi Mahal No.2 106, Waterfi",five seva samiti,shop number 2 rizvi mahal number 2 106 w,"exact_name,exact_address,name_sig,addr_sig,rare_tokens",100.0,B_True_Matched_Retrieval_Failure
S1-975791660,US,False,0,,,Horizon Biomedical Consultants LLC,"87991 Kelsie Way, Florence, OR",horizon biomedical consultants limited l,87991 kelsie way florence or,"exact_name,exact_address,name_sig,addr_sig,postal,building,rare_tokens",0.0,A_True_Singleton
S1-953328543,India,False,0,,,Idea International School,Jai Guru Dev Educational Trust Vill Gopa,idea international school,jai guru dev educational trust vill gopa,"exact_name,exact_address,name_sig,addr_sig,rare_tokens",0.0,A_True_Singleton
S1-473712319,US,True,1,S3,S3-233572607,Better Atlantic Mobile,"W7541 Shady Lane, Town Of Beaver Dam, WI",better atlantic mobile,w7541 shady lane town of beaver dam wi,"exact_name,exact_address,name_sig,addr_sig,rare_tokens",100.0,B_True_Matched_Retrieval_Failure
S1-396054750,US,True,1,S2,S2-537058261,Corporate Wireless Dynamics Inc,"OH, 340 Chase Road, Columbus",corporate wireless dynamics incorporated,oh 340 chase road columbus,"exact_name,exact_address,name_sig,addr_sig,rare_tokens",83.87,B_True_Matched_Retrieval_Failure
S1-120556437,India,True,3,S2,"S2-450913981,S2-412606036,S2-401639345",Am Unified Private Limited,"Plot No.- C-51, T/F, Jeewan Park, Uttam ",am unified private limited,plot number c 51 t f jeewan park uttam n,"exact_name,exact_address,name_sig,addr_sig,rare_tokens",100.0,B_True_Matched_Retrieval_Failure
S1-483235641,India,True,3,"S3,S2","S3-962956440,S2-404976959,S2-887283094",Properties Punjab India,"West Bengal, Kolkata, No.4/1, Mansatola ",properties punjab india,west bengal kolkata number 4 1 mansatola,"exact_name,exact_address,name_sig,addr_sig,rare_tokens",100.0,B_True_Matched_Retrieval_Failure
S1-812234889,India,True,2,"S3,S2","S3-174557481,S2-686392931",Evolution Brothers,"H.No- C-1171, Bf, Sector-67, Ansal Esenc",evolution brothers,h number c 1171 bf sector 67 ansal esenc,"exact_name,exact_address,name_sig,addr_sig,rare_tokens",100.0,B_True_Matched_Retrieval_Failure
S1-939886031,India,False,0,,,Sales Realty Private Limited,"C/O Dhondubai Manku, Kesarkar Gurav Gall",sales realty private limited,c o dhondubai manku kesarkar gurav galli,"exact_name,exact_address,name_sig,addr_sig,rare_tokens",0.0,A_True_Singleton
S1-40562853,US,True,5,"S2,S3","S2-156207258,S2-756977977,S3-654428177,S2-219779582,S3-803177349",U V Burns Quest LLC,"UT, 429 2150, Lehi",u v burns quest limited liability compan,ut 429 2150 lehi,"exact_name,exact_address,name_sig,addr_sig,rare_tokens",100.0,B_True_Matched_Retrieval_Failure
S1-112862306,India,True,3,S3,"S3-234318506,S3-668742663,S3-226478954",Fast Natural Corporation,"D.No. 1543C, Devangar Nagar, Madurapuri,",fast natural corporation,d number 1543c devangar nagar madurapuri,"exact_name,exact_address,name_sig,addr_sig,rare_tokens",81.63,B_True_Matched_Retrieval_Failure
S1-727464793,US,True,3,"S2,S3","S2-345802679,S3-775388316,S3-766852405",Garcia Piedmont Ithax PLLC,"IL, 2847 Stanton Street, Springfield",garcia piedmont ithax pllc,il 2847 stanton street springfield,"exact_name,exact_address,name_sig,addr_sig,rare_tokens",100.0,B_True_Matched_Retrieval_Failure
S1-440090395,India,True,5,"S2,S3","S2-739216349,S3-678870493,S2-945139044,S2-611147134,S3-506177731",Black Jai Care Private Limited,"Shop No L5 Sr No 53/2/3, P No7 & 8 Girit",black jai care private limited,shop number l5 sr number 53 2 3 p no7 an,"exact_name,exact_address,name_sig,addr_sig,rare_tokens",96.67,B_True_Matched_Retrieval_Failure
S1-110179850,India,True,2,"S3,S2","S3-815113522,S2-863550252",Shree Big Developers Private Limited,Malancha Road Opp-Andhra Bankkharagpur P,shree big developers private limited,malancha road opp andhra bankkharagpur p,"exact_name,exact_address,name_sig,addr_sig,rare_tokens",88.89,B_True_Matched_Retrieval_Failure
S1-547499439,India,True,5,"S2,S3","S2-386330186,S2-599292610,S3-818939639,S2-909034406,S2-148170150",Sunrise Educational Society,"Q-1, Aswathy Gardens, Aswathy Street, Ch",sunrise educational society,q 1 aswathy gardens aswathy street chitt,"exact_name,exact_address,name_sig,addr_sig,rare_tokens",100.0,B_True_Matched_Retrieval_Failure
S1-263207122,India,False,0,,,Surya Consultancy Pvt Ltd,"B-32 Kirti Nagar, New Delhi, Delhi",surya consultancy private limited,b 32 kirti nagar new delhi delhi,"exact_name,exact_address,name_sig,addr_sig,rare_tokens",0.0,A_True_Singleton
S1-964437389,US,True,3,S3,"S3-126538783,S3-930362666,S3-489777262",Precision Analytics Works Partners,"Unit 105, DC, Washington, 902 21st Stree",precision analytics works partners,unit 105 dc washington 902 21st street,"exact_name,exact_address,name_sig,addr_sig,rare_tokens",97.14,B_True_Matched_Retrieval_Failure
S1-59693243,India,True,3,"S3,S2","S3-388387212,S2-697221611,S3-510428221",Red Products Pvt Ltd,"G-3, Plot No.-210 Sector-6, Vaishali, Gh",red products private limited,g 3 plot number 210 sector 6 vaishali gh,"exact_name,exact_address,name_sig,addr_sig,rare_tokens",100.0,B_True_Matched_Retrieval_Failure
S1-974434907,US,True,4,"S3,S2","S3-475537030,S2-988261189,S3-871266819,S2-853245",Grant Harbors,"TX, 820 Garfield Avenue, Temple",grant harbors,tx 820 garfield avenue temple,"exact_name,exact_address,name_sig,addr_sig,rare_tokens",100.0,B_True_Matched_Retrieval_Failure
S1-691776503,India,True,2,"S2,S3","S2-184916027,S3-256487156",Tirupati India (India) Limited,"Room No-6, New Bhaarat Nagar, Mahul Rd, ",tirupati india india limited,room number 6 new bhaarat nagar mahul ro,"exact_name,exact_address,name_sig,addr_sig,rare_tokens",100.0,B_True_Matched_Retrieval_Failure
S1-952249630,India,True,4,"S2,S3","S2-432675418,S2-270823240,S3-290192452,S2-635384441",Royal & Associates Pvt Ltd,"House No. 7 Bcd, Upper Ground Floor, Bel",royal and associates private limited,house number 7 bcd upper ground floor be,"exact_name,exact_address,name_sig,addr_sig,rare_tokens",93.88,B_True_Matched_Retrieval_Failure
S1-368231032,India,True,2,"S3,S2","S3-197421526,S2-924919673",Agro Green Devices,"S. No. 116 Atharva Residency, Next To Gi",agro green devices,s number 116 atharva residency next to g,"exact_name,exact_address,name_sig,addr_sig,rare_tokens",100.0,B_True_Matched_Retrieval_Failure
S1-603704216,India,True,4,"S2,S3","S2-123452684,S2-865331555,S2-580586668,S3-296970668",Golden Shakti Impex Pvt Ltd,"Aryan Flys Amd Bricks, C/O Suman Kumar, ",golden shakti impex private limited,aryan flys amd bricks c o suman kumar po,"exact_name,exact_address,name_sig,addr_sig,rare_tokens",100.0,B_True_Matched_Retrieval_Failure
S1-240846743,India,True,1,S2,S2-596751528,North White Properties Pvt Ltd,"Durgapur Mc, 4/22 Suhata Mall, West Beng",north white properties private limited,durgapur mc 4 22 suhata mall west bengal,"exact_name,exact_address,name_sig,addr_sig,rare_tokens",11.43,B_True_Matched_Retrieval_Failure
S1-625161934,India,False,0,,,Precious Infotech Private Limited,"Flat No.612, Vss Shree Homes, Suha Apart",precious infotech private limited,flat number 612 vss shree homes suha apa,"exact_name,exact_address,name_sig,addr_sig,rare_tokens",0.0,A_True_Singleton
S1-221018438,US,True,1,S2,S2-420264703,"Hill, Rice and Hicks Berkley Inc.","City Of El Paso, TX, 724 Cheltenham Driv",hill rice and hicks berkley incorporated,city of el paso tx 724 cheltenham drive,"exact_name,exact_address,name_sig,addr_sig,rare_tokens",96.97,B_True_Matched_Retrieval_Failure
S1-286507975,US,False,0,,,Global Acquisition,"Columbus, OH, 1500 Polaris Parkway, Unit",global acquisition,columbus oh 1500 polaris parkway unit 20,"exact_name,exact_address,name_sig,addr_sig,rare_tokens",0.0,A_True_Singleton
S1-9996486,India,True,6,"S2,S3","S2-603140713,S2-758462453,S2-764232226,S2-165034596,S2-177886260,S3-234603408",Union Welfare Society,"H.No. 6-496, Kanigiri, Prakasam, Andhra ",union welfare society,h number 6 496 kanigiri prakasam andhra ,"exact_name,exact_address,name_sig,addr_sig,rare_tokens",100.0,B_True_Matched_Retrieval_Failure
S1-208059784,India,True,3,"S3,S2","S3-597253819,S3-134345322,S2-864078792",Global Glass Private Limited,"Chennai, Tamil Nadu, First Main Road Sud",global glass private limited,chennai tamil nadu first main road sudar,"exact_name,exact_address,name_sig,addr_sig,rare_tokens",100.0,B_True_Matched_Retrieval_Failure
S1-266133171,US,True,2,"S3,S2","S3-633690828,S2-178275632",Premier Marketing Products LLC,"NY, Islip, 17 Springfield Circle",premier marketing products limited liabi,ny islip 17 springfield circle,"exact_name,exact_address,name_sig,addr_sig,rare_tokens",100.0,B_True_Matched_Retrieval_Failure
S1-347050546,India,True,2,S2,"S2-533628880,S2-916872213",Anand Prime Investment Private Limited,"Rajasthan, Jaipur, Kushal Nagar, Sangane",anand prime investment private limited,rajasthan jaipur kushal nagar sanganer p,"exact_name,exact_address,name_sig,addr_sig,rare_tokens",10.13,B_True_Matched_Retrieval_Failure
S1-797525155,India,True,1,S2,S2-450319004,Fast Alloys Pvt Ltd,"Plot No 740, Ward No 9 Lower Kizome, Pul",fast alloys private limited,plot number 740 ward number 9 lower kizo,"exact_name,exact_address,name_sig,addr_sig,rare_tokens",78.95,B_True_Matched_Retrieval_Failure
S1-701982166,India,True,3,"S2,S3","S2-892873342,S2-129211036,S3-774438464",Eastern Unique Services Pvt Ltd,"No 1 Venkatraman Round Road, Pollachi, C",eastern unique services private limited,number 1 venkatraman round road pollachi,"exact_name,exact_address,name_sig,addr_sig,rare_tokens",93.55,B_True_Matched_Retrieval_Failure
S1-490027079,India,False,0,,,Alpha City Builders Private Limited,"Delhi, New Delhi, 412, South Delhi, 4Th/",alpha city builders private limited,delhi new delhi 412 south delhi 4th f bl,"exact_name,exact_address,name_sig,addr_sig,rare_tokens",0.0,A_True_Singleton
S1-977782739,US,True,4,"S3,S2","S3-139332349,S3-306469199,S2-661069323,S2-752490785",Fresh Industrial Advisors LLC,"MD, Elkton, 3303 Spanish Bay Court",fresh industrial advisors limited liabil,md elkton 3303 spanish bay court,"exact_name,exact_address,name_sig,addr_sig,rare_tokens",100.0,B_True_Matched_Retrieval_Failure
S1-460829869,India,True,3,"S3,S2","S3-112905313,S2-631573663,S2-599373031",Raj South Consultants,"Begum Bazar, Telangana, Hyderabad, Nampa",raj south consultants,begum bazar telangana hyderabad nampally,"exact_name,exact_address,name_sig,addr_sig,rare_tokens",60.0,B_True_Matched_Retrieval_Failure
S1-468022572,India,True,1,S2,S2-239426465,United Shiva Foundation Limited,"Plot No.60 & 61, Flat No.402, 4Th Floor,",united shiva foundation limited,plot number 60 and 61 flat number 402 4t,"exact_name,exact_address,name_sig,addr_sig,rare_tokens",9.68,B_True_Matched_Retrieval_Failure
S1-536497000,India,True,3,"S2,S3","S2-270789387,S3-132208663,S3-672076091",Marketing India Laboratories Private Lim,"No.19/14, 4Th Main, Chikkadugodi, Bangal",marketing india laboratories private lim,number 19 14 4th main chikkadugodi banga,"exact_name,exact_address,name_sig,addr_sig,rare_tokens",100.0,B_True_Matched_Retrieval_Failure
S1-906283065,India,True,2,"S3,S2","S3-165779086,S2-158379042",Pune Software Care,Fp 997 P No 15 New 997/15 Satsang H Soci,pune software care,fp 997 p number 15 new 997 15 satsang h ,"exact_name,exact_address,name_sig,addr_sig,rare_tokens",100.0,B_True_Matched_Retrieval_Failure
S1-78621757,India,True,7,"S3,S2","S3-770729090,S2-6793720,S3-971565315,S2-991474891,S3-514667458,S3-128819643,S2-211755175",Titan Institute,"Patha Kadapa, By Pass Road, Modameedapal",titan institute,patha kadapa by pass road modameedapalli,"exact_name,exact_address,name_sig,addr_sig,rare_tokens",100.0,B_True_Matched_Retrieval_Failure
S1-797754212,India,True,4,"S3,S2","S3-302292357,S3-729070575,S2-222710961,S2-643242130",Investments Impex Private Limited,"H.No.278, At Bolsa (Kd), Bhokar, Nanded,",investments impex private limited,h number 278 at bolsa kd bhokar nanded m,"exact_name,exact_address,name_sig,addr_sig,rare_tokens",93.55,B_True_Matched_Retrieval_Failure
S1-297627899,India,True,3,"S3,S2","S3-906026980,S2-686333905,S2-3327455",Coimbatore Foundation Care,"No.391, 2Nd Floor, Krishnakamalam Apartm",coimbatore foundation care,number 391 2nd floor krishnakamalam apar,"exact_name,exact_address,name_sig,addr_sig,rare_tokens",69.23,B_True_Matched_Retrieval_Failure
S1-724233069,India,True,4,"S2,S3","S2-279095941,S3-297068200,S2-83678869,S2-662745450",Balaji Exim Ltd,"H. No. 15-2-645, 1St Floor, Room No 1, K",balaji exim limited,h number 15 2 645 1st floor room number ,"exact_name,exact_address,name_sig,addr_sig,rare_tokens",93.75,B_True_Matched_Retrieval_Failure
S1-953163004,India,False,0,,,Innovative Indo Infra Private Limited,"Khedkar Nagar, Akola, Maharashtra, Akola",innovative indo infra private limited,khedkar nagar akola maharashtra akola c ,"exact_name,exact_address,name_sig,addr_sig,rare_tokens",0.0,A_True_Singleton
S1-997207305,India,True,2,"S3,S2","S3-442195085,S2-489121212",Gold Jai Business,"A- 122 Ground Floor, Amar Colony Lajpat ",gold jai business,a 122 ground floor amar colony lajpat na,"exact_name,exact_address,name_sig,addr_sig,rare_tokens",76.47,B_True_Matched_Retrieval_Failure
S1-453420655,India,False,0,,,Blue Hotel Exports Private Limited,"Vardhman Residency, Wing - A - 5025, No ",blue hotel exports private limited,vardhman residency wing a 5025 number 23,"exact_name,exact_address,name_sig,addr_sig,rare_tokens",0.0,A_True_Singleton
S1-751132282,India,True,3,"S3,S2","S3-110652675,S2-13552174,S2-444839149",Tirumalagiri Food Corp,"F.No.302, 3Rd Flr, Northncl, Sri Gajanan",tirumalagiri food corporation,f number 302 3rd flr northncl sri gajana,"exact_name,exact_address,name_sig,addr_sig,rare_tokens",100.0,B_True_Matched_Retrieval_Failure
S1-573881496,India,True,2,"S2,S3","S2-617010212,S3-530058486",Silver Surya Trading Private Limited,"No.62B, 1St Floor Perianna Maistry Stree",silver surya trading private limited,number 62b 1st floor perianna maistry st,"exact_name,exact_address,name_sig,addr_sig,rare_tokens",10.39,B_True_Matched_Retrieval_Failure
S1-283378647,India,True,3,"S3,S2","S3-989060146,S2-375783241,S2-150605175",Great Sky Construction Limited,"No:16, Puthur, Chinnamaidhanam, Tamil Na",great sky construction limited,number 16 puthur chinnamaidhanam tamil n,"exact_name,exact_address,name_sig,addr_sig,rare_tokens",96.67,B_True_Matched_Retrieval_Failure
S1-88664201,US,True,3,"S2,S3","S2-513268256,S2-422840676,S3-712542961",Apex Array Inc,"Fl 0, KS, Wichita, 670 167th Street",apex array incorporated,floor 0 ks wichita 670 167th street,"exact_name,exact_address,name_sig,addr_sig,rare_tokens",85.71,B_True_Matched_Retrieval_Failure
S1-711184338,India,True,4,"S3,S2","S3-57371218,S2-119973750,S3-182360992,S3-306130541",Energy Royal Laboratories Private Limite,"Aurangabad, Midc Waluj, Aurangabad, Maha",energy royal laboratories private limite,aurangabad midc waluj aurangabad maharas,"exact_name,exact_address,name_sig,addr_sig,rare_tokens",94.87,B_True_Matched_Retrieval_Failure
S1-440755143,India,True,3,"S3,S2","S3-481495887,S2-622353415,S3-205123769",Life South Agro Private Limited,"H.No 293, 2Nd Floor, L Extn Mohan Garden",life south agro private limited,h number 293 2nd floor l extn mohan gard,"exact_name,exact_address,name_sig,addr_sig,rare_tokens",12.7,B_True_Matched_Retrieval_Failure
S1-788637077,India,True,3,S3,"S3-943011522,S3-662061400,S3-658074270",Holdings Dairy Ltd,"No.1880/17, Karnataka, Bangalore, Bangal",holdings dairy limited,number 1880 17 karnataka bangalore banga,"exact_name,exact_address,name_sig,addr_sig,rare_tokens",94.44,B_True_Matched_Retrieval_Failure
S1-627127736,India,True,3,"S3,S2","S3-37699868,S2-928329159,S2-854173247",Future Smart Foods Private Limited,"Tilak Nagar, Flat No.4 Vastu Appartment,",future smart foods private limited,tilak nagar flat number 4 vastu appartme,"exact_name,exact_address,name_sig,addr_sig,rare_tokens",90.32,B_True_Matched_Retrieval_Failure
S1-821426991,India,True,2,"S2,S3","S2-318304856,S3-573923055",Bangalore North (india) Ltd,"No.1737/1, New No. 020, First Floor, 5Th",bangalore north india limited,number 1737 1 new number 020 first floor,"exact_name,exact_address,name_sig,addr_sig,rare_tokens",100.0,B_True_Matched_Retrieval_Failure
S1-876781102,India,True,3,"S2,S3","S2-642839428,S3-200624649,S2-483829082",Store Natural Private Limited,Bms Business Centreh Block 10 Plaze Cine,store natural private limited,bms business centreh block 10 plaze cine,"exact_name,exact_address,name_sig,addr_sig,rare_tokens",88.14,B_True_Matched_Retrieval_Failure
S1-359600330,India,True,2,"S2,S3","S2-533825709,S3-241925542",Bold Charitable Trust,"Tejas Arcade, No.527/B, 3Rd Floor, 1St M",bold charitable trust,tejas arcade number 527 b 3rd floor 1st ,"exact_name,exact_address,name_sig,addr_sig,rare_tokens",100.0,B_True_Matched_Retrieval_Failure
S1-589949986,US,True,5,"S3,S2","S3-337116917,S2-533682281,S2-568481346,S3-933213702,S3-367844118",Trusted Presidio Inc,"Vallejo, 1000 Madrone Avenue, CA",trusted presidio incorporated,vallejo 1000 madrone avenue ca,"exact_name,exact_address,name_sig,addr_sig,rare_tokens",100.0,B_True_Matched_Retrieval_Failure
S1-477874806,India,False,0,,,Bangalore Textile Private Limited,"# 117, Mig 2Nd Stage Khb Colony, Basaves",bangalore textile private limited,117 mig 2nd stage khb colony basaveshwar,"exact_name,exact_address,name_sig,addr_sig,rare_tokens",0.0,A_True_Singleton
S1-267725434,India,False,0,,,Tirupati Sky Hospitality Pvt Ltd,"Nyati Equatorial 2, I1-701, Marigold Sn ",tirupati sky hospitality private limited,nyati equatorial 2 i1 701 marigold sn 23,"exact_name,exact_address,name_sig,addr_sig,rare_tokens",0.0,A_True_Singleton
S1-85098442,India,True,5,"S2,S3","S2-819226969,S3-318829297,S3-340008718,S3-51496975,S2-115804640",Bay Farmers Pvt Ltd,"T.C.16/1051 (1), Trivandrum, Kerala, C.S",bay farmers private limited,t c 16 1051 1 trivandrum kerala c s road,"exact_name,exact_address,name_sig,addr_sig,rare_tokens",100.0,B_True_Matched_Retrieval_Failure
S1-320873751,US,True,3,"S2,S3","S2-329848940,S3-656334705,S3-854278569",Modern Pbc,"Byers, CO, 511 Main Street",modern pbc,byers co 511 main street,"exact_name,exact_address,name_sig,addr_sig,rare_tokens",100.0,B_True_Matched_Retrieval_Failure
S1-122548972,US,True,1,S2,S2-261331696,Custom Security Company,"IL, 209 Colby Avenue, Springfield",custom security company,il 209 colby avenue springfield,"exact_name,exact_address,name_sig,addr_sig,rare_tokens",21.74,B_True_Matched_Retrieval_Failure
S1-394692927,India,False,0,,,Cr (India) Developers Center,"Unit No. 401, 4Th Floor Vatika City Poin",cr india developers center,unit number 401 4th floor vatika city po,"exact_name,exact_address,name_sig,addr_sig,rare_tokens",0.0,A_True_Singleton
S1-101850054,India,True,2,"S2,S3","S2-170741127,S3-442270987",Aditya Dynamic Trading,"P No 72 N2 Mukund Housing, Society Mukun",aditya dynamic trading,p number 72 n2 mukund housing society mu,"exact_name,exact_address,name_sig,addr_sig,rare_tokens",8.7,B_True_Matched_Retrieval_Failure
S1-306352236,US,True,2,S2,"S2-436343545,S2-598375724",Wise Data Care,"City Of El Paso, TX, 6044 Jemez Drive",wise data care,city of el paso tx 6044 jemez drive,"exact_name,exact_address,name_sig,addr_sig,rare_tokens",89.66,B_True_Matched_Retrieval_Failure
S1-500039984,India,False,0,,,Reliance Industries Ltd,"A P Phoographers Colony, Plat No 20, Roa",reliance industries limited,a p phoographers colony plat number 20 r,"exact_name,exact_address,name_sig,addr_sig,rare_tokens",0.0,A_True_Singleton
S1-506957540,India,True,4,"S3,S2","S3-138687561,S3-384689030,S3-444710568,S2-427959437",Aditya Shivam Care Limited,"No.33 & 34, Sri Ganapa Complex, First Fl",aditya shivam care limited,number 33 and 34 sri ganapa complex firs,"exact_name,exact_address,name_sig,addr_sig,rare_tokens",100.0,B_True_Matched_Retrieval_Failure
S1-697821020,India,False,0,,,Jai Gold LLP,"Flat No. O - 02, Binayak Enclave 59, Kal",jai gold limited liability partnership,flat number o 02 binayak enclave 59 kali,"exact_name,exact_address,name_sig,addr_sig,rare_tokens",0.0,A_True_Singleton
S1-483087822,US,True,3,"S3,S2","S3-63475219,S2-985623322,S2-691292260",Davis Frontier Drive,"MD, Rhodesdale, 5905 Allen Road",davis frontier drive,md rhodesdale 5905 allen road,"exact_name,exact_address,name_sig,addr_sig,rare_tokens",95.0,B_True_Matched_Retrieval_Failure
S1-24627927,India,True,4,"S2,S3","S2-513403022,S2-186588275,S2-578047933,S3-586923455",Pelican Ispat Private Limited,"Banraloo No.1, Meghdoot Vilas, Sonegaon,",pelican ispat private limited,banraloo number 1 meghdoot vilas sonegao,"exact_name,exact_address,name_sig,addr_sig,rare_tokens",100.0,B_True_Matched_Retrieval_Failure
S1-704846658,India,True,6,"S3,S2","S3-771136855,S2-877907369,S2-899480254,S3-706553558,S2-765149324,S3-132429400",Foods Sky Facility,"N-225, Ghaziabad, Uttar Pradesh, Pratap ",foods sky facility,n 225 ghaziabad uttar pradesh pratap vih,"exact_name,exact_address,name_sig,addr_sig,rare_tokens",100.0,B_True_Matched_Retrieval_Failure
S1-305343085,India,True,5,"S2,S3","S2-137878841,S2-686322908,S2-357563770,S3-108595488,S2-942871276",Green Silver Energy Private Limited,"Jn 3 11 15, Sector 9, Thane, Maharashtra",green silver energy private limited,jn 3 11 15 sector 9 thane maharashtra,"exact_name,exact_address,name_sig,addr_sig,rare_tokens",100.0,B_True_Matched_Retrieval_Failure
S1-227837902,India,True,1,S2,S2-215511965,Divine Industries LLP,"Beginest Harbor 2, #3488, 14Th Main Rd, ",divine industries limited liability part,beginest harbor 2 3488 14th main road ha,"exact_name,exact_address,name_sig,addr_sig,rare_tokens",93.33,B_True_Matched_Retrieval_Failure
S1-691734125,US,True,3,"S2,S3","S2-43444286,S3-316641212,S2-606910872",Chavez Advanced Private Group,"OH, Andover, 170 Maple Street",chavez advanced private group,oh andover 170 maple street,"exact_name,exact_address,name_sig,addr_sig,rare_tokens",96.67,B_True_Matched_Retrieval_Failure
S1-137844717,India,True,2,"S3,S2","S3-538684516,S2-177480974",Amber & Brothers Private Limited,Basera Plot No A1-11Opp Videocon Sector-,amber and brothers private limited,basera plot number a1 11opp videocon sec,"exact_name,exact_address,name_sig,addr_sig,rare_tokens",82.76,B_True_Matched_Retrieval_Failure
S1-549513357,India,True,1,S2,S2-279768338,Systems Multi House Private Limited,"Svr Srinilayaflat No Ct C, Block Beside ",systems multi house private limited,svr srinilayaflat number court c block b,"exact_name,exact_address,name_sig,addr_sig,rare_tokens",93.94,B_True_Matched_Retrieval_Failure
S1-532076856,India,True,5,"S2,S3","S2-379373227,S3-117542709,S3-448008291,S2-810305068,S3-930797580",Bharat All Foundation Private Limited,C/O Sparsh De Addiction & Research Socie,bharat all foundation private limited,c o sparsh de addiction and research soc,"exact_name,exact_address,name_sig,addr_sig,rare_tokens",76.32,B_True_Matched_Retrieval_Failure
S1-396337466,US,True,3,"S3,S2","S3-307426989,S2-931572022,S2-964805630","Blue School of Medicine, Inc","Vallejo, CA, 119 Sandpiper Drive",blue school of medicine incorporated,vallejo ca 119 sandpiper drive,"exact_name,exact_address,name_sig,addr_sig,rare_tokens",100.0,B_True_Matched_Retrieval_Failure
S1-351307066,India,True,1,S3,S3-160100769,Bhubaneswar Internet Pvt Ltd,"Janardanhouse, Plotno-A/181;Firstfloor, ",bhubaneswar internet private limited,janardanhouse plotno a 181 firstfloor ro,"exact_name,exact_address,name_sig,addr_sig,rare_tokens",92.86,B_True_Matched_Retrieval_Failure
S1-323112275,India,False,0,,,Silver Sky Technology Private Limited,"At P. O. Tapsia, P. S. Beliaberah Dist. ",silver sky technology private limited,at p o tapsia p s beliaberah dist paschi,"exact_name,exact_address,name_sig,addr_sig,rare_tokens",0.0,A_True_Singleton
S1-838016254,India,True,4,"S2,S3","S2-931148822,S2-413298130,S3-950314191,S2-752037400",First Perfect Infra,"Coral Merchant Street, Mannady, No.158, ",first perfect infra,coral merchant street mannady number 158,"exact_name,exact_address,name_sig,addr_sig,rare_tokens",95.0,B_True_Matched_Retrieval_Failure
S1-694894066,India,True,1,S2,S2-811189725,Silver Guru It Private Limited,"R/O Bhatia Market, Jaisalmer, Rajasthan",silver guru it private limited,r o bhatia market jaisalmer rajasthan,"exact_name,exact_address,name_sig,addr_sig,rare_tokens",12.7,B_True_Matched_Retrieval_Failure
S1-481893163,India,True,8,"S2,S3","S2-555477581,S2-567674068,S2-416886078,S2-961620609,S3-35287462,S3-11196037,S3-946840683,S2-70390045",Jai Future Developers Pvt Ltd,"Office No. A-816, 8 Floor, Urbtech Trade",jai future developers private limited,office number a 816 8 floor urbtech trad,"exact_name,exact_address,name_sig,addr_sig,rare_tokens",98.31,B_True_Matched_Retrieval_Failure
S1-820897789,US,True,2,"S3,S2","S3-596955447,S2-719730304",Payne Custom Newtekone Inc,"Tulsa, OK, Unit APARTMENT  1807, 9733 De",payne custom newtekone incorporated,tulsa ok unit apartment 1807 9733 delawa,"exact_name,exact_address,name_sig,addr_sig,rare_tokens",100.0,B_True_Matched_Retrieval_Failure
S1-18914210,India,True,5,"S3,S2","S3-979086301,S3-377356808,S3-197529073,S3-945110275,S2-708822186",Red Premier Constructions Limited,"Pune, Maharashtra, Kondhwa, Fl-403 Bl-08",red premier constructions limited,pune maharashtra kondhwa floor 403 bl 08,"exact_name,exact_address,name_sig,addr_sig,rare_tokens",80.85,B_True_Matched_Retrieval_Failure
S1-802295027,India,True,2,S3,"S3-546532051,S3-875831413",Sadar Bazar Construction Pvt Ltd,"Desk No. 2, 1005, Ground Floor, Sector 3",sadar bazar construction private limited,desk number 2 1005 ground floor sector 3,"exact_name,exact_address,name_sig,addr_sig,rare_tokens",98.46,B_True_Matched_Retrieval_Failure
S1-424720329,India,True,3,"S2,S3","S2-337479645,S3-754495221,S2-222795299",Enterprises Financial Private Limited,"#4-67 Reddigudem, Reddigudem Mandal, Kri",enterprises financial private limited,4 67 reddigudem reddigudem mandal krishn,"exact_name,exact_address,name_sig,addr_sig,rare_tokens",100.0,B_True_Matched_Retrieval_Failure
S1-429871380,India,True,1,S3,S3-599317651,Chennai Source Private Limited,"Flat-7, Om Apartments, 19 Prithvi Avenue",chennai source private limited,flat 7 om apartments 19 prithvi avenue 2,"exact_name,exact_address,name_sig,addr_sig,rare_tokens",100.0,B_True_Matched_Retrieval_Failure
S1-825004042,US,True,2,"S2,S3","S2-645894895,S3-256570218",Eaton Partners,"KY, Saint Matthews, 4038 Dutchmans Ln",eaton partners,ky saint matthews 4038 dutchmans lane,"exact_name,exact_address,name_sig,addr_sig,rare_tokens",100.0,B_True_Matched_Retrieval_Failure
S1-260405031,US,False,0,,,Juniper Runway LLC,"West Des Moines, IA, 6580 Center Street",juniper runway limited liability company,west des moines ia 6580 center street,"exact_name,exact_address,name_sig,addr_sig,rare_tokens",0.0,A_True_Singleton
S1-448596457,India,True,1,S3,S3-752935022,Emerging Educational Society,"Khata No. 1970, Haryana, Sonipat, Khewat",emerging educational society,khata number 1970 haryana sonipat khewat,"exact_name,exact_address,name_sig,addr_sig,rare_tokens",100.0,B_True_Matched_Retrieval_Failure
S1-272263234,India,True,1,S2,S2-719495741,Hospitality Educational Society,"D-63/11, Bindal Complex, Ground Floor, M",hospitality educational society,d 63 11 bindal complex ground floor mahm,"exact_name,exact_address,name_sig,addr_sig,rare_tokens",100.0,B_True_Matched_Retrieval_Failure
S1-239335024,India,True,7,"S2,S3","S2-55539000,S2-907035255,S3-613032376,S2-983638741,S3-65879611,S3-433146539,S3-789418289",Multi Innovation Ltd,"Cosmos Appt Sector-10, P-28, New Delhi, ",multi innovation limited,cosmos appt sector 10 p 28 new delhi dwa,"exact_name,exact_address,name_sig,addr_sig,rare_tokens",100.0,B_True_Matched_Retrieval_Failure
S1-107242825,US,True,3,"S2,S3","S2-882028031,S3-452264648,S3-746043776",Metropolitan Environmental Concepts Corp,"TX, Cleveland, 343 County Road 5251",metropolitan environmental concepts corp,tx cleveland 343 county road 5251,"exact_name,exact_address,name_sig,addr_sig,rare_tokens",98.77,B_True_Matched_Retrieval_Failure
S1-745367323,India,True,5,"S3,S2","S3-260441190,S3-865841448,S2-735312457,S3-942706030,S3-736602143",Thane Four LLP,"Thane, Maharashtra, Nr. Bal Bhavan Dombi",thane four limited liability partnership,thane maharashtra nr bal bhavan dombival,"exact_name,exact_address,name_sig,addr_sig,rare_tokens",100.0,B_True_Matched_Retrieval_Failure
S1-536490190,India,True,2,"S2,S3","S2-266862339,S3-883300509",Value Services Public Limited,"Shop No B/16, Surat, Gujarat, Bhagavati ",value services public limited,shop number b 16 surat gujarat bhagavati,"exact_name,exact_address,name_sig,addr_sig,rare_tokens",96.55,B_True_Matched_Retrieval_Failure
S1-349314208,US,True,6,"S2,S3","S2-808832023,S2-199122478,S2-893251389,S2-619875672,S2-536087717,S3-743219026",Interstate Desert Antimony LLC,"Bartlesville, OK, 1419 Arbor Drive",interstate desert antimony limited liabi,bartlesville ok 1419 arbor drive,"exact_name,exact_address,name_sig,addr_sig,rare_tokens",100.0,B_True_Matched_Retrieval_Failure
S1-905014056,India,True,2,"S2,S3","S2-703012555,S3-18393149",MS Engineering Limited,"Vpp - 2/450 A, Kuzhikkad, Puthencruz, Er",ms engineering limited,vpp 2 450 a kuzhikkad puthencruz ernakul,"exact_name,exact_address,name_sig,addr_sig,rare_tokens",85.0,B_True_Matched_Retrieval_Failure
S1-134400007,India,True,2,"S2,S3","S2-216205562,S3-523340007",Southern Electric Limited,Flat No E 218 Venktesh Plaza Chs Ltd Sta,southern electric limited,flat number e 218 venktesh plaza chs ltd,"exact_name,exact_address,name_sig,addr_sig,rare_tokens",100.0,B_True_Matched_Retrieval_Failure
S1-839892141,India,True,3,"S3,S2","S3-463387073,S2-791854362,S3-145025943",New International Business Limited,P 11 Pubali Diamond Parkp O Joka P S Tha,new international business limited,p 11 pubali diamond parkp o joka p s tha,"exact_name,exact_address,name_sig,addr_sig,rare_tokens",87.72,B_True_Matched_Retrieval_Failure
S1-295299694,India,True,2,"S3,S2","S3-903117551,S2-552940964",Mm Traders Pvt. Ltd.,"H. No. 93, Gurushware Wali Gali Village ",mm traders private limited,h number 93 gurushware wali gali village,"exact_name,exact_address,name_sig,addr_sig,rare_tokens",60.0,B_True_Matched_Retrieval_Failure
S1-967591202,India,True,2,S3,"S3-5178839,S3-101143441",Maa Yash Pvt. Ltd.,12Th Floor Devika Towernehru Tower Nehru,maa yash private limited,12th floor devika towernehru tower nehru,"exact_name,exact_address,name_sig,addr_sig,rare_tokens",83.87,B_True_Matched_Retrieval_Failure
S1-158811093,US,True,1,S2,S2-160861050,Family Heartland Medicine PLLC,"Austin, TX, 101 Buckeye Trail",family heartland medicine pllc,austin tx 101 buckeye trail,"exact_name,exact_address,name_sig,addr_sig,rare_tokens",21.82,B_True_Matched_Retrieval_Failure
S1-479377375,India,True,1,S2,S2-403294819,Surat Infra Pvt Ltd,"Gujarat, Shop-3, Plot No.218, Kamal Park",surat infra private limited,gujarat shop 3 plot number 218 kamal par,"exact_name,exact_address,name_sig,addr_sig,rare_tokens",90.48,B_True_Matched_Retrieval_Failure
S1-319999065,India,False,0,,,Sai My Infotech Private Limited,"G-63, First Floor Rear Side, New Delhi, ",sai my infotech private limited,g 63 first floor rear side new delhi sou,"exact_name,exact_address,name_sig,addr_sig,rare_tokens",0.0,A_True_Singleton
S1-490538602,India,True,5,"S3,S2","S3-66982912,S3-675069208,S2-215164098,S3-730316540,S3-32440799",Associated Chit Private Limited,"Iishreeii 38/304, Anand Nagar Vakola Pol",associated chit private limited,iishreeii 38 304 anand nagar vakola poli,"exact_name,exact_address,name_sig,addr_sig,rare_tokens",100.0,B_True_Matched_Retrieval_Failure
S1-608098353,India,False,0,,,North Big Media Private Limited,"Hno. 100, Sylvan County Paranur Railway ",north big media private limited,hno 100 sylvan county paranur railway st,"exact_name,exact_address,name_sig,addr_sig,rare_tokens",0.0,A_True_Singleton
S1-102360834,India,False,0,,,Exports Ahmedabad Solutions Private Limi,"D-13/14/15 Industrial Area, Bhagwati Gan",exports ahmedabad solutions private limi,d 13 14 15 industrial area bhagwati ganj,"exact_name,exact_address,name_sig,addr_sig,rare_tokens",0.0,A_True_Singleton
S1-155156449,India,True,4,"S2,S3","S2-891355512,S3-118448934,S3-719156808,S2-159294820",Four (India) Consultants Limited,"Delhi, Pocket 1, Sector 23, North West D",four india consultants limited,delhi pocket 1 sector 23 north west delh,"exact_name,exact_address,name_sig,addr_sig,rare_tokens",96.88,B_True_Matched_Retrieval_Failure
S1-542067369,India,True,3,"S2,S3","S2-928916268,S3-244028844,S3-204796287",Bangalore Holidays Company,"No-20, 7/1, 1St Cross, 100Ft Road Sriniv",bangalore holidays company,number 20 7 1 1st cross 100ft road srini,"exact_name,exact_address,name_sig,addr_sig,rare_tokens",100.0,B_True_Matched_Retrieval_Failure
S1-362233823,US,False,0,,,Pioneer First All,"Munford, 76 Locust Drive, TN",pioneer first all,munford 76 locust drive tn,"exact_name,exact_address,name_sig,addr_sig,rare_tokens",0.0,A_True_Singleton
S1-466719177,India,True,4,"S2,S3","S2-3955573,S2-952567821,S2-897469927,S3-88513581",Seven Silver Energy LLP,"H.No 76/97-Slv-71-72, Vasavi Nagar, Kurn",seven silver energy limited liability pa,h number 76 97 slv 71 72 vasavi nagar ku,"exact_name,exact_address,name_sig,addr_sig,rare_tokens",100.0,B_True_Matched_Retrieval_Failure
S1-954542952,US,True,2,"S3,S2","S3-84101423,S2-809323207",Aurora Seas PLLC,"WI, Town Of Brazeau, 9545 Marl Lake Road",aurora seas pllc,wi town of brazeau 9545 marl lake road,"exact_name,exact_address,name_sig,addr_sig,rare_tokens",93.75,B_True_Matched_Retrieval_Failure
S1-131321754,India,True,2,"S2,S3","S2-226806753,S3-129442391",Super Real Infotech Private Limited,"Siliguri, C/O Mahesh Sah, Jalpaiguri, Sh",super real infotech private limited,siliguri c o mahesh sah jalpaiguri shant,"exact_name,exact_address,name_sig,addr_sig,rare_tokens",97.14,B_True_Matched_Retrieval_Failure
S1-797353906,India,True,2,"S2,S3","S2-733023039,S3-991290468",Sun Infrastructure Pvt Ltd,"Plot No 403, Zion Nagar, Vanchuvanchery,",sun infrastructure private limited,plot number 403 zion nagar vanchuvancher,"exact_name,exact_address,name_sig,addr_sig,rare_tokens",100.0,B_True_Matched_Retrieval_Failure
S1-585051852,India,True,2,"S2,S3","S2-171546456,S3-380787056",Balaji Shiv Services Private Limited,"Survey No. 1309, Village Dhamatvan, Talu",balaji shiv services private limited,survey number 1309 village dhamatvan tal,"exact_name,exact_address,name_sig,addr_sig,rare_tokens",11.11,B_True_Matched_Retrieval_Failure
S1-736423776,India,True,2,"S3,S2","S3-844466964,S2-319406343",Central Signs Private Limited,"S/94, 01, Vaibhav Kirloskar, 03 Cross, 0",central signs private limited,s 94 01 vaibhav kirloskar 03 cross 03 st,"exact_name,exact_address,name_sig,addr_sig,rare_tokens",88.46,B_True_Matched_Retrieval_Failure
S1-47059547,India,True,2,"S2,S3","S2-282573560,S3-240338530",Anand Balaji Healthcare Private Limited,"Vulcan House 1St Floor, Shakuntal 46/10 ",anand balaji healthcare private limited,vulcan house 1st floor shakuntal 46 10 c,"exact_name,exact_address,name_sig,addr_sig,rare_tokens",10.39,B_True_Matched_Retrieval_Failure
S1-580503972,US,True,1,S2,S2-139045396,Green Transition,"Springfield, Unit 209B, MA, 215 Bicenten",green transition,springfield unit 209b ma 215 bicentennia,"exact_name,exact_address,name_sig,addr_sig,rare_tokens",100.0,B_True_Matched_Retrieval_Failure
S1-312944819,India,True,2,"S2,S3","S2-559886483,S3-915587463",Apple Traders Group,"Dno.9-14-5/18/4F/504 Kotu, Empire Vip Ro",apple traders group,dno 9 14 5 18 4f 504 kotu empire vip roa,"exact_name,exact_address,name_sig,addr_sig,rare_tokens",86.67,B_True_Matched_Retrieval_Failure
S1-819507370,India,True,3,S3,"S3-243088672,S3-968224278,S3-994988476",Human Enclave Private Limited,"Silver Strip Vakola Santacruz West, Mumb",human enclave private limited,silver strip vakola santacruz west mumba,"exact_name,exact_address,name_sig,addr_sig,rare_tokens",95.08,B_True_Matched_Retrieval_Failure
S1-439931875,US,True,1,S3,S3-524304803,Preferred Solutions LLC,"North Attleborough, 66 Johnson Street, M",preferred solutions limited liability co,north attleborough 66 johnson street ma,"exact_name,exact_address,name_sig,addr_sig,rare_tokens",95.65,B_True_Matched_Retrieval_Failure
S1-38818211,India,True,2,"S3,S2","S3-304155925,S2-914397972",South My Consulting Private Limited,"C/O Chikkaveeraiah, Bhuvaneswarinagar, 2",south my consulting private limited,c o chikkaveeraiah bhuvaneswarinagar 2nd,"exact_name,exact_address,name_sig,addr_sig,rare_tokens",90.91,B_True_Matched_Retrieval_Failure
S1-805235883,US,True,2,"S3,S2","S3-999276163,S2-171358738","Heritage Agricultural Services, Inc","IL, Galena, 225 Diagonal Street",heritage agricultural services incorpora,il galena 225 diagonal street,"exact_name,exact_address,name_sig,addr_sig,rare_tokens",90.91,B_True_Matched_Retrieval_Failure
S1-457610273,India,True,2,"S2,S3","S2-915640564,S3-373114364",Sun Maa Hospitality Pvt Ltd,"Shop No.1056-57, Hariom Market, Ring Roa",sun maa hospitality private limited,shop number 1056 57 hariom market ring r,"exact_name,exact_address,name_sig,addr_sig,rare_tokens",87.72,B_True_Matched_Retrieval_Failure
S1-545932605,India,False,0,,,Urban Investment Limited,"Flat No.22, T A Enclave 43 A Velacherry ",urban investment limited,flat number 22 t a enclave 43 a velacher,"exact_name,exact_address,name_sig,addr_sig,rare_tokens",0.0,A_True_Singleton
S1-723441198,India,True,2,"S2,S3","S2-242643209,S3-835362492",Bhubaneswar Talent Pvt Ltd,"Flat No- S-2, Nalini Enclave, Plot No- 1",bhubaneswar talent private limited,flat number s 2 nalini enclave plot numb,"exact_name,exact_address,name_sig,addr_sig,rare_tokens",68.09,B_True_Matched_Retrieval_Failure
S1-446570640,India,False,0,,,First Future Properties Pvt Ltd,"Kerala, 467 Thengumpallil House, Chappan",first future properties private limited,kerala 467 thengumpallil house chappanth,"exact_name,exact_address,name_sig,addr_sig,rare_tokens",0.0,A_True_Singleton
S1-795664199,US,False,0,,,Direct Printing Collective,"IN, Franklin, 2415 Somerset Circle",direct printing collective,in franklin 2415 somerset circle,"exact_name,exact_address,name_sig,addr_sig,rare_tokens",0.0,A_True_Singleton
S1-192848693,India,True,2,S3,"S3-886622693,S3-62468637",Aurangabad Pr Private Limited,"Plot No 23 Gut No 84, Jagdam Hotel, Back",aurangabad pr private limited,plot number 23 gut number 84 jagdam hote,"exact_name,exact_address,name_sig,addr_sig,rare_tokens",93.33,B_True_Matched_Retrieval_Failure
S1-440875167,India,True,3,"S3,S2","S3-113255385,S2-364015,S3-253160959",Eagle Nursing Home,"C/O Bebi Taiyaba, Naibasti, Mary Adpatti",eagle nursing home,c o bebi taiyaba naibasti mary adpatti b,"exact_name,exact_address,name_sig,addr_sig,rare_tokens",100.0,B_True_Matched_Retrieval_Failure
S1-506886544,India,True,3,"S2,S3","S2-295278397,S2-330285390,S3-814254222",Perfect City International,"# 72/B, 1St Main Road, Prakash Nagar, Ma",perfect city international,72 b 1st main road prakash nagar madhava,"exact_name,exact_address,name_sig,addr_sig,rare_tokens",87.27,B_True_Matched_Retrieval_Failure
S1-825673215,US,True,1,S2,S2-936657972,Downtown Bakery PLLC,"TX, 5551 343, Forestburg",downtown bakery pllc,tx 5551 343 forestburg,"exact_name,exact_address,name_sig,addr_sig,rare_tokens",100.0,B_True_Matched_Retrieval_Failure
S1-652688484,India,False,0,,,Northwest Creations Private Limited,"Sangam Tower, Plot No - 8 M.P.Nagar, Zon",northwest creations private limited,sangam tower plot number 8 m p nagar zon,"exact_name,exact_address,name_sig,addr_sig,rare_tokens",0.0,A_True_Singleton
S1-866742814,India,True,2,"S3,S2","S3-265570077,S2-28118854",Sun Intelligence Pvt Ltd,"Old No.97 (New No.274) Bss Road, Palayak",sun intelligence private limited,old number 97 new number 274 bss road pa,"exact_name,exact_address,name_sig,addr_sig,rare_tokens",92.31,B_True_Matched_Retrieval_Failure
S1-309676633,US,True,6,"S3,S2","S3-158384884,S3-918411650,S3-974345012,S3-714709805,S2-906282759,S2-316107219",Chiropractic Optimal Specialists LLC,"Lincolnville, ME, 77 Robbins Road",chiropractic optimal specialists limited,lincolnville me 77 robbins road,"exact_name,exact_address,name_sig,addr_sig,rare_tokens",96.0,B_True_Matched_Retrieval_Failure
S1-991204641,US,True,2,"S2,S3","S2-202987983,S3-68178948",Federal Procap LLC,"NY, Unit Unit X2, 1155 Warburton Avenue,",federal procap limited liability company,ny unit unit x2 1155 warburton avenue yo,"exact_name,exact_address,name_sig,addr_sig,rare_tokens",94.74,B_True_Matched_Retrieval_Failure
S1-47813693,US,True,3,"S3,S2","S3-784672231,S3-890169309,S2-428344824",Tri-State Summit Truist,"New York, 22 River Terrace, NY",tri state summit truist,new york 22 river terrace ny,"exact_name,exact_address,name_sig,addr_sig,rare_tokens",100.0,B_True_Matched_Retrieval_Failure
S1-537797348,US,True,4,"S3,S2","S3-75128404,S3-561468299,S3-158467558,S2-357284908",Highland Popular Inc,"CA, 3621 Fallis Circle, Sacramento",highland popular incorporated,ca 3621 fallis circle sacramento,"exact_name,exact_address,name_sig,addr_sig,rare_tokens",100.0,B_True_Matched_Retrieval_Failure
S1-923325588,US,True,4,"S2,S3","S2-427548446,S2-339955681,S3-201015729,S2-444777328",Quality Diagnostic Products Group,"Collegedale, 9750 Owl Nest Road, TN",quality diagnostic products group,collegedale 9750 owl nest road tn,"exact_name,exact_address,name_sig,addr_sig,rare_tokens",96.97,B_True_Matched_Retrieval_Failure
S1-799043762,India,True,1,S3,S3-324095034,Ganesh Management Private Limited,"Hno 699 Kadam Wakwasti Tal Haveli, Pune,",ganesh management private limited,hno 699 kadam wakwasti tal haveli pune m,"exact_name,exact_address,name_sig,addr_sig,rare_tokens",87.88,B_True_Matched_Retrieval_Failure
S1-259041708,India,True,3,"S2,S3","S2-119817868,S2-955098512,S3-669283636",Guru Renewable Private Limited,"Uttar Pradesh, Kh 372-373, Lucknow, Faiz",guru renewable private limited,uttar pradesh kh 372 373 lucknow faizull,"exact_name,exact_address,name_sig,addr_sig,rare_tokens",92.86,B_True_Matched_Retrieval_Failure
S1-169443882,India,True,3,"S3,S2","S3-908957644,S2-562142723,S2-390816011",Prime Bharat Producer Private Limited,"Kozhikode, Room No 1622, Kerala, 6Th Flo",prime bharat producer private limited,kozhikode room number 1622 kerala 6th fl,"exact_name,exact_address,name_sig,addr_sig,rare_tokens",94.29,B_True_Matched_Retrieval_Failure
S1-516659618,US,True,4,"S2,S3","S2-420556386,S2-603459723,S2-633521665,S3-563832476",Orthopedic Custom Physicians Inc.,"TN, Selmer, 2660 Sulphur Springs Road",orthopedic custom physicians incorporate,tn selmer 2660 sulphur springs road,"exact_name,exact_address,name_sig,addr_sig,rare_tokens",92.31,B_True_Matched_Retrieval_Failure
S1-710972218,US,True,2,"S2,S3","S2-983127913,S3-417308544",Environmental Fellowship P.C.,"Wheeling, IL, 569 Shelly Court",environmental fellowship p c,wheeling il 569 shelly court,"exact_name,exact_address,name_sig,addr_sig,rare_tokens",100.0,B_True_Matched_Retrieval_Failure
S1-366851005,US,True,1,S2,S2-228202196,Blue Aimei,"Grand Prairie, TX, 663 Owen Trail",blue aimei,grand prairie tx 663 owen trail,"exact_name,exact_address,name_sig,addr_sig,rare_tokens",10.0,B_True_Matched_Retrieval_Failure
S1-155407069,India,True,4,"S3,S2","S3-433766290,S2-385350504,S2-661019639,S2-94367503",Imperial Technologies Private Limited,"#15, 2Nd Phase, 3Rd Cross, Sry Lyt Near ",imperial technologies private limited,15 2nd phase 3rd cross sry lyt near stre,"exact_name,exact_address,name_sig,addr_sig,rare_tokens",91.67,B_True_Matched_Retrieval_Failure
S1-754829688,India,True,3,"S2,S3","S2-27584839,S3-598601962,S3-844974975",Eureka Solutions Ltd,"Coromandal House, 1-2-10, Sardar Patel R",eureka solutions limited,coromandal house 1 2 10 sardar patel roa,"exact_name,exact_address,name_sig,addr_sig,rare_tokens",97.56,B_True_Matched_Retrieval_Failure
S1-89433334,US,True,3,"S2,S3","S2-859319938,S3-278239383,S3-106197889",Custom Wireless Group LLC,"Copperas Cove, TX, 2006 Boland Street",custom wireless group limited liability ,copperas cove tx 2006 boland street,"exact_name,exact_address,name_sig,addr_sig,rare_tokens",96.15,B_True_Matched_Retrieval_Failure
S1-235880044,US,True,5,"S3,S2","S3-536431940,S3-988125559,S2-318874246,S3-172976608,S2-47543950",Jasper Interactive LLC,"UT, City Of North Salt Lake, Unit 935, 9",jasper interactive limited liability com,ut city of north salt lake unit 935 950 ,"exact_name,exact_address,name_sig,addr_sig,rare_tokens",100.0,B_True_Matched_Retrieval_Failure
S1-704827080,US,True,3,"S2,S3","S2-867837150,S2-108591181,S3-224439782",Grand Liberty Quantum L.L.C.,"TX, Henrietta, 167 Chapman Road",grand liberty quantum l l c,tx henrietta 167 chapman road,"exact_name,exact_address,name_sig,addr_sig,rare_tokens",100.0,B_True_Matched_Retrieval_Failure
S1-728923654,US,True,2,S3,"S3-124791629,S3-69548739",Wilson Metropolitan Telecommunication In,"AL, Lanett, 4926 Veterans Memorial Parkw",wilson metropolitan telecommunication in,al lanett 4926 veterans memorial parkway,"exact_name,exact_address,name_sig,addr_sig,rare_tokens",93.67,B_True_Matched_Retrieval_Failure
S1-703045329,India,True,3,"S2,S3","S2-469398335,S2-381883981,S3-760231211",Shakti Lotus Infrastructure Limited,"H.No:6-23, P/136-137, Ksr, Township, Kun",shakti lotus infrastructure limited,h number 6 23 p 136 137 ksr township kun,"exact_name,exact_address,name_sig,addr_sig,rare_tokens",93.94,B_True_Matched_Retrieval_Failure
S1-657150372,India,True,3,"S3,S2","S3-313032326,S2-953788065,S3-899287750",Gujarat Marketing Limited,"D.No.1-2-88, Akkireddipalem Bhpv Post, G",gujarat marketing limited,d number 1 2 88 akkireddipalem bhpv post,"exact_name,exact_address,name_sig,addr_sig,rare_tokens",91.3,B_True_Matched_Retrieval_Failure
S1-305940241,India,True,3,"S2,S3","S2-40756454,S2-297300947,S3-163489013",Constructions Travels Private Limited,"South West, B - 1/11 Vasant Vihar, New D",constructions travels private limited,south west b 1 11 vasant vihar new delhi,"exact_name,exact_address,name_sig,addr_sig,rare_tokens",98.63,B_True_Matched_Retrieval_Failure
S1-689927719,India,True,5,"S3,S2","S3-804613231,S3-374834051,S3-944244545,S3-212305350,S2-426163596",Lotus Ace Foundation Private Limited,"Plot No- B-Ii, (Scr), 1St Floor, Indradh",lotus ace foundation private limited,plot number b ii scr 1st floor indradhan,"exact_name,exact_address,name_sig,addr_sig,rare_tokens",100.0,B_True_Matched_Retrieval_Failure
S1-468905549,India,False,0,,,Rock Services LLP,"Haveli, Pune, Flat No- C404, Maharashtra",rock services limited liability partners,haveli pune flat number c404 maharashtra,"exact_name,exact_address,name_sig,addr_sig,rare_tokens",0.0,A_True_Singleton
S1-70285883,US,True,6,"S3,S2","S3-718769427,S2-366464356,S3-761913200,S2-838911602,S2-563167751,S2-747550583",Farmer Empire Collective,"IA, 4826 Meadowlark Lane, Sioux City",farmer empire collective,ia 4826 meadowlark lane sioux city,"exact_name,exact_address,name_sig,addr_sig,rare_tokens",100.0,B_True_Matched_Retrieval_Failure
S1-246307502,India,True,4,S3,"S3-658176343,S3-309081688,S3-91667014,S3-776625543",Eastern Ram Consultancy Private Limited,Hno A28 Khno 385 Ground Floor Front Side,eastern ram consultancy private limited,hno a28 khno 385 ground floor front side,"exact_name,exact_address,name_sig,addr_sig,rare_tokens",94.59,B_True_Matched_Retrieval_Failure
S1-703866970,US,True,5,"S2,S3","S2-216219836,S2-981127451,S2-805077501,S3-803619654,S3-556398183",George Public P.C.,"OR, Portland, 147 141st Avenue",george public p c,or portland 147 141st avenue,"exact_name,exact_address,name_sig,addr_sig,rare_tokens",100.0,B_True_Matched_Retrieval_Failure
S1-127672447,India,True,4,"S3,S2","S3-669876268,S2-497830674,S2-752326797,S3-689883597",Media Developers Limited,"Lth-3, Ph-1, Laburnum, Sushant Lok-1 Sec",media developers limited,lth 3 ph 1 laburnum sushant lok 1 sector,"exact_name,exact_address,name_sig,addr_sig,rare_tokens",100.0,B_True_Matched_Retrieval_Failure
S1-859546550,India,False,0,,,Prakash Education Private Limited,"C/O Lokesh Solanki, Rajya Karmchari Colo",prakash education private limited,c o lokesh solanki rajya karmchari colon,"exact_name,exact_address,name_sig,addr_sig,rare_tokens",0.0,A_True_Singleton
S1-576839672,India,True,1,S2,S2-823295860,Coimbatore Manpower,"Phase Iid 197 Kurichi Housing Unit, Coim",coimbatore manpower,phase iid 197 kurichi housing unit coimb,"exact_name,exact_address,name_sig,addr_sig,rare_tokens",100.0,B_True_Matched_Retrieval_Failure
S1-45739737,India,True,3,"S2,S3","S2-660777338,S3-668658185,S2-178436203",Fortune Vision Services Private Limited,"Nagpur, Maharashtra, Padgilwar Chambers ",fortune vision services private limited,nagpur maharashtra padgilwar chambers 76,"exact_name,exact_address,name_sig,addr_sig,rare_tokens",100.0,B_True_Matched_Retrieval_Failure
S1-956647187,India,True,1,S2,S2-966691328,Golden My Services Private Limited,"Flat No. 503, 5Th Floor Block A1, Maple ",golden my services private limited,flat number 503 5th floor block a1 maple,"exact_name,exact_address,name_sig,addr_sig,rare_tokens",11.43,B_True_Matched_Retrieval_Failure
S1-118891670,India,True,4,"S2,S3","S2-853988861,S2-251690328,S3-546595447,S3-532167401",North Lotus Infrastructure Private Limit,"C/O Pushp Raj Kishan, S/O Laxman Kumar, ",north lotus infrastructure private limit,c o pushp raj kishan s o laxman kumar 4 ,"exact_name,exact_address,name_sig,addr_sig,rare_tokens",97.62,B_True_Matched_Retrieval_Failure
S1-338311184,India,True,4,S2,"S2-555274474,S2-831116722,S2-303437682,S2-198574309",Great Global Food Private Limited,"C/O Pramod Swain, New Sadaipali, M/C Apu",great global food private limited,c o pramod swain new sadaipali m c apurb,"exact_name,exact_address,name_sig,addr_sig,rare_tokens",100.0,B_True_Matched_Retrieval_Failure
S1-106362316,US,True,3,"S3,S2","S3-577693240,S3-335455643,S2-748441771",Primary Care Integrated Partners Inc,"N9400 Highway Xx, Town Of Middle Inlet, ",primary care integrated partners incorpo,n9400 highway xx town of middle inlet wi,"exact_name,exact_address,name_sig,addr_sig,rare_tokens",100.0,B_True_Matched_Retrieval_Failure
S1-298594262,US,True,3,S2,"S2-430605302,S2-634807246,S2-625010964",Campbell Motor Corp,"Roanoke Rapids, 51 Key Street, NC",campbell motor corporation,roanoke rapids 51 key street nc,"exact_name,exact_address,name_sig,addr_sig,rare_tokens",100.0,B_True_Matched_Retrieval_Failure
S1-291076396,India,True,5,"S3,S2","S3-548572956,S2-240169884,S2-301158846,S3-730704965,S3-256621583",Bangalore Jewels LLP,"3Rd Cross, Beml Layout Basaveshwaranagar",bangalore jewels limited liability partn,3rd cross beml layout basaveshwaranagar ,"exact_name,exact_address,name_sig,addr_sig,rare_tokens",100.0,B_True_Matched_Retrieval_Failure
S1-626573685,US,True,2,"S2,S3","S2-810020218,S3-292906228",Prime Resorts Co,"IN, Unit SUITE, 708 115 Adams Street, Ca",prime resorts company,in unit suite 708 115 adams street carme,"exact_name,exact_address,name_sig,addr_sig,rare_tokens",100.0,B_True_Matched_Retrieval_Failure
S1-540475109,US,True,3,"S2,S3","S2-73303104,S3-905961159,S3-60186256",O 3 B Nuveen Inc.,"NM, 2001 122 Clinton Street, Hobbs",o 3 b nuveen incorporated,nm 2001 122 clinton street hobbs,"exact_name,exact_address,name_sig,addr_sig,rare_tokens",93.75,B_True_Matched_Retrieval_Failure
S1-922815183,US,True,3,"S2,S3","S2-953839577,S3-219208313,S3-884521434",Cardiology Federal Center,"Holden, MA, 126 Winthrop Lane",cardiology federal center,holden ma 126 winthrop lane,"exact_name,exact_address,name_sig,addr_sig,rare_tokens",100.0,B_True_Matched_Retrieval_Failure
S1-546300449,India,True,5,"S2,S3","S2-675345122,S2-842197025,S2-73608966,S2-354657240,S3-902107381",International Vision Industries Private ,"A-35 Jhilmil Industrial Area, Delhi, Eas",international vision industries private ,a 35 jhilmil industrial area delhi east ,"exact_name,exact_address,name_sig,addr_sig,rare_tokens",95.56,B_True_Matched_Retrieval_Failure
S1-719738148,India,True,5,"S2,S3","S2-332300103,S3-376781570,S2-360529220,S2-389453105,S3-504736762",Sunshine Pharmaceuticals Private Limited,"H.No. 10 Puranpur Road Ba, Shahjahanpur,",sunshine pharmaceuticals private limited,h number 10 puranpur road ba shahjahanpu,"exact_name,exact_address,name_sig,addr_sig,rare_tokens",100.0,B_True_Matched_Retrieval_Failure
S1-296554372,US,False,0,,,Blue Value Environmental Services LLC,"TX, 9745 Staubach Drive, City Of El Paso",blue value environmental services limite,tx 9745 staubach drive city of el paso,"exact_name,exact_address,name_sig,addr_sig,rare_tokens",0.0,A_True_Singleton
S1-980981649,India,True,5,"S3,S2","S3-769081941,S3-841767165,S3-428720336,S2-718020586,S3-493235684",International Producer Pvt Ltd,"Uttar Pradesh, H.No.141, Sitamarhi, Bhad",international producer private limited,uttar pradesh h number 141 sitamarhi bha,"exact_name,exact_address,name_sig,addr_sig,rare_tokens",100.0,B_True_Matched_Retrieval_Failure
S1-270623960,India,True,4,"S2,S3","S2-79535465,S2-299219001,S2-699575527,S3-461941008",Alpha Global Energy LLP,"Rewari, Mustkil No-172, Haryana, Rewari,",alpha global energy limited liability pa,rewari mustkil number 172 haryana rewari,"exact_name,exact_address,name_sig,addr_sig,rare_tokens",95.65,B_True_Matched_Retrieval_Failure
S1-392818134,US,True,1,S2,S2-490134214,Best Financial Ventures LLC,"AZ, Fl 1, Chandler, 262 Oakland Street",best financial ventures limited liabilit,az floor 1 chandler 262 oakland street,"exact_name,exact_address,name_sig,addr_sig,rare_tokens",94.74,B_True_Matched_Retrieval_Failure
S1-124463001,US,True,2,"S2,S3","S2-21959040,S3-530316671",Ridge Regional Network LLC,"TX, Round Rock, 1602 Frontier Trail",ridge regional network limited liability,tx round rock 1602 frontier trail,"exact_name,exact_address,name_sig,addr_sig,rare_tokens",92.31,B_True_Matched_Retrieval_Failure
S1-82086698,India,True,6,"S3,S2","S3-978654983,S2-630078869,S2-658619646,S3-633935414,S2-3308150,S3-427587109",Perfect Global Pvt. Ltd.,"G-1, Shri Shyam Excellency, 1216-1217, R",perfect global private limited,g 1 shri shyam excellency 1216 1217 rani,"exact_name,exact_address,name_sig,addr_sig,rare_tokens",97.87,B_True_Matched_Retrieval_Failure
S1-835191229,India,True,3,"S3,S2","S3-216188192,S2-352264048,S2-134014606",Golden Real Solutions Limited,"Vill-Patju Paharpur, Uttar Pradesh, Akha",golden real solutions limited,vill patju paharpur uttar pradesh akhand,"exact_name,exact_address,name_sig,addr_sig,rare_tokens",96.43,B_True_Matched_Retrieval_Failure
S1-925885613,India,True,3,S3,"S3-495036295,S3-509918755,S3-528312664",Digital Smart Healthcare Private Limited,"Byju Roadpost Kunnamkulam Kunnamkulam, T",digital smart healthcare private limited,byju roadpost kunnamkulam kunnamkulam th,"exact_name,exact_address,name_sig,addr_sig,rare_tokens",23.53,B_True_Matched_Retrieval_Failure
S1-336993412,India,True,2,"S2,S3","S2-367168795,S3-15632662",Shakti Classic Products Limited,"Kls Chamber, Jaipur, 1St Floor, Leela Ma",shakti classic products limited,kls chamber jaipur 1st floor leela mansi,"exact_name,exact_address,name_sig,addr_sig,rare_tokens",93.55,B_True_Matched_Retrieval_Failure
S1-424947415,US,True,4,"S2,S3","S2-756922333,S3-312696629,S3-523297685,S2-644560684",Harbor Federation III,"Beverly, 179 Lothrop Street, MA",harbor federation iii,beverly 179 lothrop street ma,"exact_name,exact_address,name_sig,addr_sig,rare_tokens",100.0,B_True_Matched_Retrieval_Failure
S1-207401967,India,True,3,"S2,S3","S2-108214448,S3-97057661,S2-415819266",Star Baba Projects Limited,"D Â 401, Lous Aura-2, Nr. Iocl Petrol ",star baba projects limited,d â 401 lous aura 2 nr iocl petrol pum,"exact_name,exact_address,name_sig,addr_sig,rare_tokens",10.71,B_True_Matched_Retrieval_Failure
S1-565173667,India,True,3,"S3,S2","S3-653328006,S3-624861967,S2-910023064",Vijay Pioneer Power,"Ews 856, Ratnakar Khand, South City Rb R",vijay pioneer power,ews 856 ratnakar khand south city rb roa,"exact_name,exact_address,name_sig,addr_sig,rare_tokens",94.74,B_True_Matched_Retrieval_Failure
S1-887446764,US,True,1,S2,S2-195399148,Webb Futurecorp,"Chesterfield County, 1413 Braisden Road,",webb futurecorp,chesterfield county 1413 braisden road v,"exact_name,exact_address,name_sig,addr_sig,rare_tokens",6.67,B_True_Matched_Retrieval_Failure
S1-472900557,India,True,7,"S3,S2","S3-14380956,S2-350390259,S3-545758490,S2-741352232,S3-93523775,S3-718582652,S2-308928650",Ace East Trading,"C-76, N D S E South Extn.Part-Ii, New De",ace east trading,c 76 n d s e south extn part ii new delh,"exact_name,exact_address,name_sig,addr_sig,rare_tokens",88.89,B_True_Matched_Retrieval_Failure
S1-704371820,India,True,3,"S3,S2","S3-734669661,S2-281717207,S3-558675329",Ace Resorts Private Limited,"Shop No. 55, Maharashtra, Thane, Gayatri",ace resorts private limited,shop number 55 maharashtra thane gayatri,"exact_name,exact_address,name_sig,addr_sig,rare_tokens",92.31,B_True_Matched_Retrieval_Failure
S1-762404372,India,True,3,"S3,S2","S3-400310509,S2-874125030,S3-799771268",Gold Hotel Management LLP,"S 157 P 30 To 38, Giriraj, Vihar, E-16 B",gold hotel management limited liability ,s 157 p 30 to 38 giriraj vihar e 16 bijl,"exact_name,exact_address,name_sig,addr_sig,rare_tokens",96.0,B_True_Matched_Retrieval_Failure
S1-146781629,US,True,2,S3,"S3-70377954,S3-767437563",Clark Capital Healthy Inc,"Virginia Beach City, 5708 -A-104 Northam",clark capital healthy incorporated,virginia beach city 5708 a 104 northampt,"exact_name,exact_address,name_sig,addr_sig,rare_tokens",100.0,B_True_Matched_Retrieval_Failure
S1-472201747,India,True,3,"S3,S2","S3-859213889,S3-190271866,S2-947617483",Adr Farms Private Limited,"#6-3-668/10/23, Iind Floor Durganagar Co",adr farms private limited,6 3 668 10 23 iind floor durganagar colo,"exact_name,exact_address,name_sig,addr_sig,rare_tokens",91.3,B_True_Matched_Retrieval_Failure
S1-379133443,India,True,3,"S2,S3","S2-518614807,S3-675542676,S2-840772654",Sagar Vidyalaya,"Shiv City Ind. Esate, C Building G-6, 7,",sagar vidyalaya,shiv city ind esate c building g 6 7 man,"exact_name,exact_address,name_sig,addr_sig,rare_tokens",100.0,B_True_Matched_Retrieval_Failure
S1-456950732,India,True,4,"S2,S3","S2-273680950,S3-199287612,S3-611450994,S3-509613169",Sunrise Big Technology Pvt Ltd,"C/O - Mahesh Prasad Verma, At P.O - Saha",sunrise big technology private limited,c o mahesh prasad verma at p o sahadai b,"exact_name,exact_address,name_sig,addr_sig,rare_tokens",89.66,B_True_Matched_Retrieval_Failure
S1-159769439,India,True,3,"S2,S3","S2-408739170,S3-84116866,S2-228032922",Delhi Insurance Limited,"Pvt. No.301, Pno G-79, 3Rd Floor, Main B",delhi insurance limited,pvt number 301 pno g 79 3rd floor main b,"exact_name,exact_address,name_sig,addr_sig,rare_tokens",93.62,B_True_Matched_Retrieval_Failure
S1-479456079,India,False,0,,,Dime (india) Private Limited,"Rz-221, Baba Haridas Enclave, Jharoda Ka",dime india private limited,rz 221 baba haridas enclave jharoda kala,"exact_name,exact_address,name_sig,addr_sig,rare_tokens",0.0,A_True_Singleton
S1-560222813,India,True,4,"S2,S3","S2-950134626,S2-77319914,S3-397453024,S2-57813870",Bangalore International Ltd,"#153, Seegehalli Village, K R Puram, Ban",bangalore international limited,153 seegehalli village k r puram bangalo,"exact_name,exact_address,name_sig,addr_sig,rare_tokens",100.0,B_True_Matched_Retrieval_Failure
S1-289183550,India,True,3,"S3,S2","S3-19178245,S2-657036442,S3-984538018",International Healthcare Pvt Ltd,"Main Road Near Block Office, Fatuha, Pat",international healthcare private limited,main road near block office fatuha patna,"exact_name,exact_address,name_sig,addr_sig,rare_tokens",65.62,B_True_Matched_Retrieval_Failure
