threshold,macro_f0.5,macro_precision,macro_recall,singleton_f0.5,single_match_f0.5,multi_match_f0.5,S2_f0.5,S3_f0.5,average_predictions_per_S1,percentage_abstaining,false_positive_singleton_rate
0.01,0.4636,0.5222,0.4456,0.4022,0.2749,0.4785,0.478,0.4727,2.9569,15.5,0.5978
0.02,0.472,0.5334,0.4466,0.4257,0.2805,0.4861,0.4856,0.4803,2.8455,16.21,0.5743
0.03,0.477,0.5399,0.447,0.4384,0.2863,0.4905,0.4902,0.4848,2.7825,16.59,0.5616
0.04,0.4804,0.5443,0.4473,0.4457,0.2889,0.4938,0.4935,0.488,2.7409,16.8,0.5543
0.05,0.4831,0.548,0.4472,0.4457,0.2922,0.4967,0.4963,0.4909,2.7096,16.86,0.5543
0.06,0.4851,0.5506,0.4471,0.4475,0.2958,0.4985,0.4983,0.4927,2.684,16.98,0.5525
0.07,0.4869,0.553,0.4472,0.4511,0.2985,0.5002,0.5,0.4945,2.6623,17.06,0.5489
0.08,0.4879,0.5543,0.4472,0.4547,0.2988,0.5011,0.5009,0.4953,2.6494,17.11,0.5453
0.09,0.4896,0.5563,0.4474,0.4601,0.3016,0.5024,0.5022,0.4968,2.6332,17.16,0.5399
0.1,0.4909,0.5579,0.4476,0.4656,0.3039,0.5035,0.5033,0.4979,2.6197,17.25,0.5344
0.11,0.4921,0.5594,0.4477,0.4692,0.3059,0.5045,0.5042,0.4989,2.6068,17.33,0.5308
0.12,0.4929,0.5604,0.4476,0.471,0.3064,0.5052,0.505,0.4996,2.5978,17.38,0.529
0.13,0.4938,0.5616,0.4476,0.4746,0.3076,0.5059,0.5057,0.5003,2.5866,17.45,0.5254
0.14,0.4942,0.5622,0.4473,0.4764,0.3076,0.5063,0.5061,0.5007,2.579,17.48,0.5236
0.15,0.4947,0.5628,0.4472,0.4764,0.3078,0.5068,0.5066,0.5012,2.5713,17.5,0.5236
0.16,0.4952,0.5637,0.4469,0.4801,0.3077,0.5072,0.5071,0.5015,2.5631,17.57,0.5199
0.17,0.4957,0.5643,0.4467,0.4801,0.308,0.5077,0.5076,0.5019,2.5563,17.59,0.5199
0.18,0.4961,0.565,0.4466,0.4801,0.3088,0.508,0.508,0.5023,2.5512,17.6,0.5199
0.19,0.4965,0.5655,0.4464,0.4819,0.3102,0.5083,0.5083,0.5027,2.5457,17.62,0.5181
0.2,0.497,0.5662,0.4463,0.4837,0.311,0.5087,0.5087,0.503,2.5405,17.63,0.5163
0.21,0.4974,0.5668,0.4464,0.4855,0.3113,0.5091,0.5092,0.5034,2.5355,17.69,0.5145
0.22,0.4978,0.5673,0.4462,0.4873,0.3124,0.5094,0.5095,0.5036,2.5289,17.75,0.5127
0.23,0.4983,0.568,0.4461,0.4891,0.3124,0.5098,0.5099,0.504,2.5236,17.77,0.5109
0.24,0.4987,0.5686,0.446,0.4891,0.313,0.5102,0.5103,0.5044,2.5187,17.8,0.5109
0.25,0.4991,0.5691,0.4458,0.4891,0.3119,0.5107,0.5107,0.5049,2.5135,17.82,0.5109
0.26,0.4997,0.5698,0.446,0.4964,0.3119,0.5109,0.511,0.5051,2.5085,17.88,0.5036
0.27,0.5003,0.5706,0.4461,0.4982,0.3131,0.5114,0.5115,0.5055,2.5048,17.89,0.5018
0.28,0.5007,0.5712,0.446,0.5,0.312,0.5118,0.5119,0.5058,2.5001,17.91,0.5
0.29,0.5012,0.5718,0.4461,0.5036,0.312,0.5121,0.5122,0.5061,2.4961,17.94,0.4964
0.3,0.5013,0.572,0.4457,0.5036,0.3101,0.5124,0.5124,0.5063,2.4917,17.96,0.4964
0.31,0.5014,0.5723,0.4455,0.5036,0.3101,0.5125,0.5126,0.5064,2.4884,17.97,0.4964
0.32,0.5018,0.5728,0.4455,0.5054,0.3102,0.5128,0.5129,0.5066,2.4841,18.0,0.4946
0.33,0.5022,0.5733,0.4454,0.5054,0.3111,0.5132,0.5132,0.5071,2.4803,18.0,0.4946
0.34,0.5023,0.5735,0.4452,0.5054,0.3119,0.5133,0.5134,0.5072,2.4767,18.02,0.4946
0.35,0.5025,0.5738,0.4448,0.5054,0.3137,0.5134,0.5137,0.5073,2.4716,18.04,0.4946
0.36,0.5031,0.5746,0.4448,0.5091,0.3146,0.5138,0.514,0.5078,2.4668,18.07,0.4909
0.37,0.5034,0.5751,0.4446,0.5109,0.3157,0.5139,0.5141,0.508,2.4616,18.11,0.4891
0.38,0.5033,0.575,0.4442,0.5109,0.3147,0.5139,0.514,0.5079,2.4584,18.13,0.4891
0.3825,0.5032,0.5749,0.4441,0.5109,0.3147,0.5138,0.5139,0.5078,2.4572,18.15,0.4891
0.385,0.5033,0.575,0.444,0.5127,0.3147,0.5138,0.5138,0.5078,2.4554,18.18,0.4873
0.3875,0.5033,0.5751,0.444,0.5127,0.3148,0.5138,0.5139,0.5078,2.4547,18.18,0.4873
0.39,0.5034,0.5752,0.4439,0.5127,0.3148,0.5139,0.514,0.5079,2.4534,18.18,0.4873
0.3925,0.5034,0.5752,0.4439,0.5127,0.3148,0.5139,0.5139,0.5079,2.4528,18.19,0.4873
0.395,0.5035,0.5753,0.4439,0.5127,0.3157,0.5139,0.5141,0.5079,2.4521,18.19,0.4873
0.3975,0.5036,0.5754,0.4439,0.5145,0.3157,0.5139,0.514,0.5079,2.4515,18.2,0.4855
0.4,0.5036,0.5755,0.4438,0.5145,0.3157,0.514,0.5141,0.508,2.4498,18.21,0.4855
0.4025,0.5036,0.5755,0.4437,0.5145,0.3157,0.514,0.5141,0.508,2.4488,18.21,0.4855
0.405,0.5036,0.5755,0.4436,0.5145,0.3157,0.5139,0.5141,0.5079,2.448,18.21,0.4855
0.4075,0.5036,0.5755,0.4435,0.5145,0.3165,0.5139,0.5141,0.5079,2.4472,18.21,0.4855
0.41,0.5037,0.5757,0.4435,0.5145,0.3165,0.514,0.5142,0.508,2.446,18.22,0.4855
0.4125,0.5037,0.5757,0.4434,0.5145,0.3165,0.514,0.5142,0.508,2.4456,18.22,0.4855
0.415,0.5037,0.5757,0.4434,0.5145,0.3165,0.514,0.5142,0.508,2.4447,18.22,0.4855
0.4175,0.5036,0.5757,0.4432,0.5145,0.3165,0.514,0.5141,0.5079,2.4434,18.25,0.4855
0.42,0.5037,0.5757,0.4432,0.5145,0.3165,0.514,0.5142,0.508,2.443,18.26,0.4855
0.4225,0.5037,0.5758,0.4431,0.5145,0.3165,0.514,0.5142,0.508,2.4418,18.26,0.4855
0.425,0.5037,0.5758,0.443,0.5145,0.3165,0.514,0.5142,0.508,2.4408,18.26,0.4855
0.4275,0.5037,0.5759,0.4429,0.5145,0.3165,0.514,0.5142,0.508,2.4399,18.27,0.4855
0.43,0.5038,0.5759,0.4428,0.5145,0.3169,0.5141,0.5143,0.5081,2.4391,18.27,0.4855
0.4325,0.5037,0.5759,0.4426,0.5145,0.3158,0.514,0.5142,0.508,2.4383,18.28,0.4855
0.435,0.5037,0.5759,0.4425,0.5145,0.3158,0.514,0.5143,0.508,2.4375,18.29,0.4855
0.4375,0.5037,0.576,0.4425,0.5145,0.3158,0.5141,0.5143,0.508,2.4367,18.29,0.4855
0.44,0.5037,0.5759,0.4424,0.5145,0.3158,0.514,0.5143,0.508,2.4358,18.3,0.4855
0.4425,0.5037,0.576,0.4424,0.5145,0.3158,0.5141,0.5143,0.508,2.4351,18.3,0.4855
0.445,0.5037,0.576,0.4423,0.5145,0.316,0.514,0.5143,0.5079,2.4343,18.3,0.4855
0.4475,0.5036,0.576,0.4422,0.5145,0.316,0.514,0.5143,0.5079,2.4337,18.31,0.4855
0.45,0.5037,0.5761,0.4422,0.5163,0.3163,0.514,0.5143,0.5079,2.4328,18.32,0.4837
0.4525,0.5038,0.5761,0.4422,0.5163,0.3163,0.514,0.5143,0.5079,2.4325,18.32,0.4837
0.455,0.5038,0.5761,0.4422,0.5163,0.3163,0.514,0.5143,0.5079,2.4317,18.33,0.4837
0.4575,0.5039,0.5763,0.4422,0.5181,0.3163,0.514,0.5144,0.508,2.4309,18.34,0.4819
0.46,0.504,0.5764,0.4422,0.5181,0.3163,0.5141,0.5144,0.508,2.4301,18.34,0.4819
0.4625,0.504,0.5765,0.442,0.5181,0.3163,0.5142,0.5144,0.5081,2.429,18.34,0.4819
0.465,0.504,0.5765,0.442,0.5181,0.3163,0.5141,0.5144,0.508,2.4285,18.34,0.4819
0.4675,0.504,0.5766,0.442,0.5181,0.3167,0.5141,0.5145,0.5081,2.4278,18.34,0.4819
0.47,0.5041,0.5766,0.442,0.5181,0.3167,0.5142,0.5145,0.5081,2.4275,18.35,0.4819
0.4725,0.5041,0.5766,0.4419,0.5181,0.3167,0.5142,0.5145,0.5081,2.4268,18.35,0.4819
0.475,0.5041,0.5767,0.4419,0.5181,0.3167,0.5142,0.5145,0.5081,2.4261,18.36,0.4819
0.4775,0.5042,0.5768,0.4418,0.5199,0.3167,0.5142,0.5144,0.5081,2.4248,18.38,0.4801
0.48,0.5041,0.5768,0.4418,0.5199,0.3167,0.5142,0.5144,0.5081,2.4245,18.38,0.4801
0.4825,0.5041,0.5768,0.4416,0.5199,0.3167,0.5141,0.5143,0.508,2.4237,18.38,0.4801
0.485,0.5041,0.5768,0.4416,0.5199,0.3167,0.5141,0.5143,0.508,2.4232,18.39,0.4801
0.4875,0.5041,0.5768,0.4415,0.5199,0.3167,0.5141,0.5143,0.508,2.4226,18.39,0.4801
0.49,0.504,0.5768,0.4414,0.5199,0.3167,0.514,0.5143,0.508,2.4219,18.39,0.4801
0.4925,0.504,0.5768,0.4413,0.5199,0.3168,0.514,0.5142,0.5079,2.4212,18.39,0.4801
0.495,0.5041,0.577,0.4414,0.5217,0.3168,0.514,0.5143,0.508,2.4203,18.4,0.4783
0.4975,0.5041,0.577,0.4413,0.5217,0.3168,0.514,0.5142,0.5079,2.4196,18.4,0.4783
0.5,0.504,0.5769,0.4412,0.5217,0.3168,0.5139,0.5141,0.5078,2.4188,18.42,0.4783
0.5025,0.504,0.577,0.4411,0.5217,0.3168,0.5139,0.5142,0.5078,2.4185,18.42,0.4783
0.505,0.504,0.577,0.4411,0.5217,0.3168,0.5139,0.5142,0.5079,2.418,18.42,0.4783
0.5075,0.504,0.577,0.4411,0.5217,0.3168,0.5139,0.5142,0.5079,2.4179,18.42,0.4783
0.51,0.504,0.577,0.441,0.5217,0.3168,0.5139,0.5142,0.5079,2.4173,18.42,0.4783
0.5125,0.504,0.5771,0.4409,0.5217,0.3168,0.5139,0.5142,0.5079,2.4167,18.43,0.4783
0.515,0.5041,0.5772,0.4409,0.5217,0.3177,0.514,0.5143,0.508,2.4158,18.44,0.4783
0.5175,0.5041,0.5773,0.4408,0.5217,0.3177,0.514,0.5143,0.5079,2.4146,18.44,0.4783
0.52,0.5041,0.5772,0.4407,0.5217,0.3177,0.5139,0.5142,0.5079,2.414,18.44,0.4783
0.5225,0.504,0.5773,0.4406,0.5217,0.3177,0.5139,0.5142,0.5079,2.4133,18.44,0.4783
0.525,0.504,0.5772,0.4405,0.5217,0.3177,0.5139,0.5142,0.5078,2.4126,18.45,0.4783
0.5275,0.504,0.5773,0.4404,0.5217,0.3178,0.5139,0.5142,0.5078,2.4119,18.45,0.4783
0.53,0.5039,0.5772,0.4402,0.5217,0.3178,0.5137,0.5141,0.5077,2.4107,18.46,0.4783
0.5325,0.5039,0.5772,0.4402,0.5217,0.3178,0.5137,0.5141,0.5077,2.4103,18.46,0.4783
0.535,0.504,0.5774,0.4402,0.5236,0.3178,0.5137,0.5141,0.5077,2.4093,18.48,0.4764
0.5375,0.504,0.5773,0.4402,0.5236,0.3178,0.5137,0.5141,0.5077,2.4086,18.49,0.4764
0.54,0.504,0.5773,0.4401,0.5236,0.3178,0.5137,0.5141,0.5077,2.4082,18.49,0.4764
0.5425,0.5041,0.5774,0.4402,0.5254,0.3178,0.5137,0.5141,0.5077,2.4075,18.5,0.4746
0.545,0.5041,0.5774,0.4402,0.5254,0.3178,0.5137,0.5141,0.5077,2.4069,18.5,0.4746
0.5475,0.5041,0.5774,0.4401,0.5254,0.3178,0.5137,0.5141,0.5076,2.4066,18.5,0.4746
0.55,0.5041,0.5775,0.44,0.5254,0.3178,0.5137,0.5141,0.5077,2.4059,18.5,0.4746
0.5525,0.5041,0.5775,0.44,0.5272,0.3178,0.5136,0.514,0.5076,2.4052,18.52,0.4728
0.555,0.504,0.5774,0.4399,0.5272,0.3178,0.5135,0.5139,0.5074,2.4046,18.53,0.4728
0.5575,0.504,0.5774,0.4399,0.5272,0.3178,0.5135,0.5139,0.5075,2.4044,18.53,0.4728
0.56,0.504,0.5774,0.4398,0.5272,0.318,0.5135,0.5139,0.5074,2.4037,18.53,0.4728
0.5625,0.504,0.5775,0.4397,0.5272,0.318,0.5135,0.5139,0.5075,2.403,18.53,0.4728
0.565,0.504,0.5774,0.4396,0.5272,0.318,0.5135,0.5139,0.5074,2.4024,18.53,0.4728
0.5675,0.504,0.5774,0.4396,0.5272,0.318,0.5135,0.5139,0.5074,2.4022,18.53,0.4728
0.57,0.504,0.5775,0.4396,0.5272,0.318,0.5135,0.5139,0.5075,2.4018,18.53,0.4728
0.5725,0.504,0.5774,0.4395,0.5272,0.318,0.5135,0.5139,0.5074,2.4011,18.54,0.4728
0.575,0.5039,0.5774,0.4393,0.5272,0.318,0.5133,0.5138,0.5073,2.4001,18.56,0.4728
0.5775,0.5039,0.5774,0.4393,0.5272,0.318,0.5134,0.5138,0.5073,2.3994,18.57,0.4728
0.58,0.5039,0.5774,0.4393,0.5272,0.318,0.5134,0.5138,0.5073,2.3994,18.57,0.4728
0.59,0.5038,0.5774,0.4389,0.5272,0.318,0.5133,0.5137,0.5072,2.3969,18.59,0.4728
0.6,0.5037,0.5774,0.4385,0.5272,0.3181,0.5131,0.5136,0.5071,2.3941,18.59,0.4728
0.61,0.5036,0.5774,0.4383,0.5272,0.3181,0.5131,0.5136,0.507,2.3925,18.6,0.4728
0.62,0.5035,0.5774,0.4378,0.5272,0.3189,0.5128,0.5133,0.5068,2.3889,18.61,0.4728
0.63,0.5032,0.5772,0.4374,0.529,0.317,0.5126,0.513,0.5065,2.3861,18.64,0.471
0.64,0.503,0.577,0.437,0.529,0.317,0.5124,0.5128,0.5063,2.3829,18.66,0.471
0.65,0.5028,0.5769,0.4366,0.529,0.3174,0.5121,0.5126,0.506,2.3798,18.7,0.471
0.66,0.5027,0.5768,0.4363,0.5308,0.3168,0.5119,0.5125,0.5058,2.3777,18.73,0.4692
0.67,0.5027,0.5769,0.4359,0.5308,0.3168,0.5119,0.5125,0.5058,2.3749,18.75,0.4692
0.68,0.5027,0.577,0.4356,0.5308,0.3168,0.5118,0.5124,0.5058,2.3722,18.75,0.4692
0.69,0.5027,0.577,0.4353,0.5308,0.3168,0.5118,0.5124,0.5058,2.3699,18.76,0.4692
0.7,0.5024,0.5769,0.4348,0.5308,0.3164,0.5116,0.5121,0.5055,2.367,18.77,0.4692
0.71,0.5021,0.5766,0.4343,0.5308,0.3164,0.5113,0.5117,0.5052,2.3646,18.79,0.4692
0.72,0.5019,0.5765,0.4338,0.5326,0.3164,0.5109,0.5114,0.5048,2.3618,18.82,0.4674
0.73,0.5019,0.5765,0.4336,0.5344,0.3172,0.5107,0.5112,0.5047,2.3595,18.86,0.4656
0.74,0.5017,0.5764,0.4333,0.5362,0.3172,0.5104,0.511,0.5045,2.3568,18.89,0.4638
0.75,0.5017,0.5765,0.433,0.5362,0.3172,0.5104,0.5109,0.5044,2.3542,18.9,0.4638
0.76,0.5016,0.5765,0.4326,0.5362,0.3172,0.5103,0.5108,0.5043,2.3513,18.9,0.4638
0.77,0.5015,0.5765,0.4321,0.5362,0.3181,0.5101,0.5106,0.5041,2.3487,18.91,0.4638
0.78,0.5012,0.5763,0.4316,0.538,0.3176,0.5097,0.5102,0.5038,2.3454,18.95,0.462
0.79,0.5008,0.576,0.4308,0.538,0.3176,0.5092,0.5097,0.5033,2.3415,18.98,0.462
0.8,0.5004,0.5759,0.43,0.538,0.3166,0.5089,0.5093,0.5028,2.3374,19.01,0.462
0.81,0.4999,0.5754,0.4293,0.538,0.3166,0.5083,0.5088,0.5023,2.3341,19.04,0.462
0.82,0.4995,0.575,0.4288,0.538,0.3166,0.5079,0.5083,0.5019,2.3303,19.09,0.462
0.83,0.4985,0.5741,0.4274,0.538,0.3143,0.5069,0.5073,0.5009,2.325,19.18,0.462
0.84,0.498,0.5736,0.4267,0.538,0.3143,0.5063,0.5068,0.5004,2.321,19.23,0.462
0.85,0.4972,0.5728,0.4256,0.538,0.3151,0.5054,0.5059,0.4995,2.3159,19.28,0.462
0.86,0.4963,0.5721,0.4246,0.538,0.3132,0.5045,0.505,0.4985,2.3115,19.32,0.462
0.87,0.495,0.5708,0.4228,0.538,0.3068,0.5034,0.5036,0.4974,2.3049,19.44,0.462
0.88,0.4939,0.5699,0.4213,0.538,0.3029,0.5024,0.5024,0.4964,2.2981,19.53,0.462
0.89,0.4928,0.569,0.4198,0.538,0.2989,0.5014,0.5012,0.4954,2.291,19.6,0.462
0.9,0.4909,0.5669,0.4178,0.5399,0.2963,0.4993,0.4992,0.4933,2.2828,19.78,0.4601
0.91,0.4892,0.5654,0.4156,0.5399,0.2933,0.4975,0.4974,0.4914,2.2745,19.87,0.4601
0.92,0.487,0.5635,0.4128,0.5417,0.2914,0.4951,0.495,0.4889,2.263,20.02,0.4583
0.93,0.4848,0.5613,0.4099,0.5435,0.2881,0.4927,0.4925,0.4863,2.2516,20.19,0.4565
0.94,0.4826,0.5594,0.4068,0.5435,0.2862,0.4903,0.49,0.484,2.2385,20.29,0.4565
0.95,0.4804,0.5577,0.4035,0.5435,0.2845,0.488,0.4878,0.4816,2.2249,20.37,0.4565
0.96,0.477,0.5554,0.398,0.5435,0.281,0.4844,0.4841,0.4782,2.2013,20.47,0.4565
0.97,0.4737,0.5529,0.3914,0.5453,0.2774,0.4808,0.4805,0.4747,2.1642,20.72,0.4547
0.98,0.4697,0.5522,0.3774,0.5525,0.2723,0.4762,0.4752,0.4706,2.0449,21.44,0.4475
0.99,0.4753,0.5727,0.3505,0.6612,0.2657,0.4761,0.4749,0.4696,1.6465,25.17,0.3388
